Payments_ID,Payment_Type,Payment_Number,Verification_Code,Expiration_Date
1,diners-club-carte-blanche,30137707732941,54569-0118,2023-08
2,jcb,3564791067057469,65044-1744,2023-07
3,switch,491117708704402840,53942-243,2023-03
4,diners-club-enroute,201809342616696,0603-4247,2023-06
5,jcb,3581539654089042,63868-803,2023-08
6,jcb,3550604425398812,61657-0003,2022-09
7,bankcard,5602212350680155,51079-925,2023-02
8,americanexpress,337941112430813,11673-319,2023-08
9,jcb,3544278714678306,49035-294,2023-02
10,mastercard,5100173232892433,62742-4063,2022-12
11,mastercard,5263351044896627,54868-4352,2023-04
12,china-unionpay,5610451620914835145,68391-344,2023-08
13,jcb,3562464135296012,46122-055,2022-11
14,diners-club-carte-blanche,30319169514096,68788-9095,2022-11
15,jcb,3585709523287459,60681-0113,2023-01
16,jcb,3572696741606856,47682-159,2022-12
17,laser,67090554409584709,55150-173,2023-01
18,bankcard,5610534809947376,65121-010,2023-03
19,americanexpress,342242229728402,55289-531,2022-10
20,china-unionpay,56022524719645652,49967-182,2022-10
21,laser,6304556450721817,63824-182,2023-07
22,americanexpress,374288392561154,15955-327,2022-12
23,mastercard,5048377664708661,52685-386,2022-09
24,jcb,3564637667642459,63162-520,2022-11
25,diners-club-carte-blanche,30331396420856,59630-755,2023-04
26,americanexpress,377700150089738,10096-0171,2023-03
27,bankcard,5602243385561078,65585-511,2023-02
28,maestro,6759612785274768036,68151-4474,2023-02
29,jcb,3531384923547491,68382-010,2023-04
30,americanexpress,374283748305448,62670-4833,2023-01
31,visa,4017953468063,35418-203,2023-08
32,maestro,0604093717900489044,54868-2198,2023-06
33,americanexpress,337941129656921,24794-109,2023-02
34,jcb,3547970986358602,54868-0700,2023-06
35,visa-electron,4405733405651034,55289-186,2022-12
36,jcb,3553821651599379,49884-984,2023-06
37,jcb,3574000293192365,37808-724,2023-04
38,mastercard,5100136304423635,58789-002,2023-07
39,china-unionpay,5602253910852343336,0268-6734,2023-07
40,visa,4041590111328962,54569-0384,2023-08
41,diners-club-carte-blanche,30414308928487,64679-717,2022-09
42,diners-club-enroute,201764775519877,53329-087,2023-08
43,maestro,0604131020255012535,41250-309,2023-02
44,jcb,3575692834648316,0093-3165,2023-06
45,solo,6767336889097026,49288-0929,2023-05
46,mastercard,5002358587871525,55154-6966,2023-05
47,china-unionpay,5602234632856775,54868-5717,2023-08
48,jcb,3530250208328785,60760-428,2022-12
49,mastercard,5100147951009254,52731-7005,2022-12
50,bankcard,5602247838431797,47682-406,2023-03
51,mastercard,5010122453645284,0363-0018,2022-11
52,diners-club-carte-blanche,30180824166841,63304-205,2023-03
53,visa,4041376309571,0904-5832,2023-02
54,jcb,3582200434157497,41250-309,2022-11
55,jcb,3588471300447106,54868-6393,2023-03
56,americanexpress,344817234481267,51681-0011,2023-01
57,jcb,3583616173277130,76214-015,2023-06
58,jcb,3558038339198624,52343-041,2022-11
59,diners-club-enroute,201505497511332,51346-200,2023-07
60,bankcard,5602210960924773,0942-6329,2023-01
61,bankcard,5602256174504752,63629-3314,2022-11
62,jcb,3575487650534900,41415-076,2022-09
63,jcb,3588485384094212,0555-9131,2023-02
64,jcb,3528215583913604,36987-2758,2023-04
65,jcb,3568532777769795,66993-056,2023-07
66,jcb,3553320519733387,63941-164,2023-07
67,jcb,3574059341518724,24236-448,2023-05
68,laser,670690200591108866,37012-175,2022-09
69,diners-club-us-ca,5465646154450586,54569-0917,2022-12
70,jcb,3555860945997088,21695-264,2022-10
71,maestro,503838396969672420,43742-0489,2023-07
72,china-unionpay,560224643855953816,53389-513,2022-12
73,maestro,0604217053422718038,40057-2000,2023-01
74,visa,4041597571880861,0363-0585,2023-06
75,jcb,3532313982700864,0591-2610,2022-11
76,maestro,5893768621385130727,59115-057,2023-07
77,visa-electron,4844918221574200,0178-0370,2023-06
78,jcb,3565189921075331,51386-724,2022-09
79,mastercard,5440750568417031,0527-1445,2022-11
80,mastercard,5179283522808878,34362-0232,2022-10
81,jcb,3554582547263328,24488-004,2023-08
82,mastercard,5002351424211872,29300-127,2023-05
83,jcb,3545167245093342,51079-667,2023-03
84,jcb,3543957162300205,55154-4180,2022-10
85,mastercard,5002358926864546,63739-404,2023-02
86,bankcard,5602236861280510,59078-009,2022-11
87,jcb,3585895804119758,60760-106,2022-11
88,jcb,3535363950085696,57955-1803,2022-08
89,visa-electron,4508566511096595,63433-894,2022-10
90,instapayment,6397742274251854,0942-6488,2023-06
91,jcb,3584771536416823,49035-213,2023-07
92,jcb,3555486229649623,60429-148,2023-04
93,americanexpress,343824111002639,37205-272,2023-01
94,americanexpress,348860695805000,0378-5210,2022-11
95,jcb,3551028910740925,60637-017,2023-02
96,maestro,630473038992499485,42912-0152,2022-12
97,diners-club-carte-blanche,30114013090918,0067-8114,2022-10
98,diners-club-carte-blanche,30167833335160,60429-301,2023-05
99,switch,564182461210167747,36987-2641,2023-03
100,mastercard,5010124513216734,21695-695,2022-12
101,laser,63045988594320963,68968-6610,2022-09
102,mastercard,5100177377429604,11673-208,2023-06
103,jcb,3548356084877868,10237-753,2022-11
104,mastercard,5100131258031062,49035-128,2023-01
105,jcb,3583414504167380,59779-516,2023-01
106,diners-club-us-ca,5428752021154868,76067-100,2023-07
107,maestro,675971397258070717,25021-105,2023-04
108,bankcard,5602230762977068,61703-342,2022-09
109,maestro,50182421719611561,66993-884,2023-06
110,jcb,3558008787375156,50580-351,2023-07
111,visa-electron,4175007535200626,66579-0018,2022-10
112,diners-club-carte-blanche,30080575288218,11716-0102,2022-09
113,mastercard,5447162817791419,50436-4166,2023-08
114,mastercard,5010122564002631,52584-810,2022-10
115,switch,4911684677389604,55154-6981,2023-08
116,jcb,3570912398479212,0955-1046,2023-07
117,maestro,67621144515541070,49696-622,2023-05
118,mastercard,5100179251349874,68472-129,2023-02
119,china-unionpay,56022227142128136,41520-410,2022-10
120,visa-electron,4508139526414490,55154-7453,2022-09
121,diners-club-carte-blanche,30116845895356,59746-125,2023-03
122,jcb,3576269490796579,58118-0434,2022-11
123,mastercard,5377153686521833,50563-108,2022-12
124,diners-club-carte-blanche,30229683989890,52125-007,2023-02
125,switch,4936737635631698,52605-144,2023-04
126,jcb,3561297959797736,55154-4765,2023-02
127,diners-club-carte-blanche,30320277379810,68462-226,2023-01
128,americanexpress,337941609056824,43742-0407,2023-01
129,mastercard,5010121425962769,63941-530,2022-10
130,jcb,3560675383760563,30142-120,2022-12
131,diners-club-enroute,201662733700250,67046-210,2023-02
132,china-unionpay,56022306143336037,63629-3738,2022-12
133,jcb,3572628073091704,42508-151,2023-06
134,jcb,3582538564995206,62175-106,2023-01
135,jcb,3567334179684909,52849-100,2023-05
136,jcb,3546434175035266,63354-932,2023-02
137,jcb,3561306236774358,14222-2050,2023-07
138,jcb,3536543628708766,43063-208,2023-07
139,maestro,6763545207921832,59494-1001,2023-02
140,americanexpress,374288845212637,21695-526,2023-02
141,maestro,060440643305019019,68788-9864,2022-12
142,jcb,3580526210358491,21695-088,2023-06
143,mastercard,5010124335849191,0003-2188,2022-11
144,bankcard,5602259246106879,55154-0844,2022-09
145,jcb,3562677955694632,55154-0910,2023-03
146,instapayment,6376344845759542,0145-2660,2023-06
147,jcb,3553366107736225,62670-4368,2022-09
148,jcb,3564123984248668,24909-124,2023-06
149,visa-electron,4508340002970571,63667-960,2023-05
150,diners-club-international,36583305289764,51079-412,2022-10
151,jcb,3584028465357704,48951-1073,2023-06
152,jcb,3542868647484434,43857-0055,2023-04
153,maestro,67625895585499848,64725-0798,2022-11
154,jcb,3574060942293337,55154-4604,2023-04
155,jcb,3532197055784271,0378-0156,2023-05
156,jcb,3555045453919639,53808-0852,2023-04
157,jcb,3560826314450721,51824-034,2023-06
158,maestro,6759562980693898,10356-850,2022-10
159,maestro,501821862463164175,17518-051,2023-07
160,jcb,3540708578587668,55910-337,2023-06
161,jcb,3567017578604046,68405-680,2023-05
162,bankcard,5602219054333346,16590-022,2022-11
163,maestro,0604573620956909163,0093-7465,2023-07
164,jcb,3577801697055802,49035-734,2023-07
165,mastercard,5100177405820824,54868-5830,2023-07
166,mastercard,5100176245836651,0409-7109,2023-05
167,jcb,3567429334666260,10893-663,2023-03
168,visa,4017954526949046,61096-0032,2023-01
169,jcb,3555695905439865,0051-8450,2023-01
170,switch,6759938367387614667,68828-047,2022-09
171,bankcard,5610826718069981,52125-602,2023-06
172,china-unionpay,56022204586051777,68745-1153,2022-10
173,diners-club-carte-blanche,30308430034646,50111-916,2022-09
174,jcb,3579890867258617,51523-034,2022-09
175,jcb,3565523831303062,0187-3555,2023-08
176,jcb,3546280465946716,54575-399,2022-12
177,mastercard,5100139977380421,45865-426,2023-04
178,laser,67712811591470149,51672-1274,2022-09
179,china-unionpay,5602242478224151633,55154-5840,2023-01
180,switch,490515906104239545,53808-0203,2023-05
181,laser,6771333230759002,0406-0512,2022-12
182,diners-club-enroute,201913750327505,49967-388,2023-01
183,maestro,503846861343980690,51655-050,2023-02
184,mastercard,5010123034584745,36987-3127,2023-08
185,diners-club-carte-blanche,30201959884576,54868-0262,2022-11
186,bankcard,5602216206049606,52686-231,2022-11
187,jcb,3537362798025128,63824-279,2023-02
188,mastercard,5007663636886233,49288-0271,2022-09
189,jcb,3550564167948952,53808-0832,2022-12
190,jcb,3587171742887601,0187-5144,2022-12
191,bankcard,5602226332372772,51013-111,2023-01
192,jcb,3573832545885425,51079-539,2023-05
193,switch,490311702813121272,0591-3700,2022-10
194,diners-club-enroute,201494754725002,0832-0302,2023-03
195,mastercard,5108755019716272,36987-2893,2023-03
196,jcb,3569512115601453,62670-3756,2023-02
197,jcb,3561261590939834,55910-236,2023-02
198,china-unionpay,5602214884230051,29485-2828,2023-02
199,switch,6331106453069328158,36987-3018,2023-04
200,jcb,3566146924018345,43063-244,2023-03
201,jcb,3568440148630839,55154-4950,2023-02
202,jcb,3574017160105262,49483-242,2023-03
203,jcb,3533798635307290,0093-2929,2023-05
204,americanexpress,372301696157157,51346-064,2023-03
205,mastercard,5007663829687489,53329-051,2022-11
206,americanexpress,374288888959953,63304-643,2023-08
207,diners-club-carte-blanche,30515807922217,68151-2475,2023-08
208,diners-club-enroute,201449325700058,55154-5456,2023-05
209,bankcard,5610071345384491,50988-150,2022-10
210,bankcard,5602240802583834,75916-3025,2023-02
211,jcb,3570907204283659,59115-109,2022-10
212,americanexpress,374283148083447,49643-335,2023-07
213,solo,6334616916695963397,58668-2041,2022-11
214,diners-club-enroute,201953922612343,54458-924,2023-04
215,jcb,3552265164906609,57955-8330,2023-05
216,jcb,3585386260991427,49884-833,2023-03
217,diners-club-carte-blanche,30360133484669,30142-852,2022-12
218,jcb,3584475183790403,0088-2220,2022-12
219,mastercard,5010121432424977,63868-126,2023-03
220,diners-club-carte-blanche,30444082048806,36987-2882,2023-01
221,china-unionpay,56022374410482066,59779-571,2023-05
222,china-unionpay,5602218815471709300,54868-4992,2022-10
223,switch,6333097938929818742,0378-4252,2023-04
224,visa,4041375615986,53045-205,2023-05
225,diners-club-carte-blanche,30404966905075,0409-1256,2023-05
226,china-unionpay,56022455466639087,61543-7782,2023-01
227,jcb,3557885298732046,42961-010,2022-11
228,jcb,3569059910575797,0615-2304,2022-12
229,maestro,060467238875143600,11523-7341,2023-05
230,maestro,5018266367432053014,51079-886,2022-12
231,visa-electron,4508816115139733,68382-319,2023-08
232,americanexpress,337941276246773,68788-9095,2023-01
233,diners-club-enroute,201811753926200,0113-0579,2023-06
234,jcb,3548708587281404,55289-638,2023-03
235,jcb,3549697010273279,37000-048,2023-05
236,visa,4041592328520,59762-5093,2023-04
237,jcb,3567493658743857,0603-3340,2023-05
238,jcb,3557260262637953,49348-984,2022-09
239,maestro,58938627098718864,30142-007,2023-03
240,jcb,3558753311172369,60505-2605,2022-09
241,bankcard,5602234426194714,59779-092,2023-03
242,maestro,676178364030538931,44087-0022,2023-01
243,jcb,3540126852862329,51079-119,2022-09
244,laser,677199682861476027,0832-0229,2023-01
245,mastercard,5100135531037663,18860-722,2023-05
246,laser,677142766262704612,59779-908,2023-01
247,jcb,3555349051914269,57520-0156,2023-04
248,diners-club-enroute,201932469711411,48951-8087,2023-01
249,diners-club-enroute,201729116324550,55154-9607,2023-08
250,jcb,3572834580956146,68645-282,2023-04
251,jcb,3580931312077066,50988-296,2023-08
252,laser,677190202035736187,49288-0839,2023-08
253,jcb,3572288370573449,55670-478,2023-07
254,jcb,3568655668496853,65862-630,2023-01
255,maestro,6759341886785595559,59667-0040,2023-02
256,maestro,5018333867121943,68345-865,2023-07
257,jcb,3562497418486009,68472-098,2022-11
258,jcb,3580788720778457,57520-0659,2023-06
259,maestro,060402968819999364,49288-0204,2022-11
260,mastercard,5108751492906589,15127-895,2022-10
261,mastercard,5454780750806678,0002-8148,2023-05
262,diners-club-enroute,201512298813149,53808-0639,2023-05
263,switch,633396289715843727,68001-177,2023-07
264,jcb,3536773839848883,62011-0227,2022-10
265,jcb,3550854634887655,49349-563,2022-10
266,jcb,3530600576580732,46994-304,2023-04
267,jcb,3569720811838416,53942-519,2023-07
268,laser,67067163822725664,62756-554,2022-11
269,diners-club-enroute,201992172172285,0187-0798,2023-01
270,laser,6706137421768684,52124-4002,2022-10
271,switch,6759195902646916,64117-218,2023-03
272,mastercard,5293215631196911,0143-9656,2022-12
273,jcb,3585857779722990,59078-045,2022-11
274,maestro,6759991434759652313,11822-0608,2022-09
275,solo,6334479046218921,24488-003,2023-01
276,jcb,3528148612781397,0187-1824,2022-10
277,visa-electron,4405187255207415,68788-9516,2023-04
278,bankcard,5602254984440226,41163-426,2023-07
279,jcb,3579155570730793,60505-7002,2023-04
280,visa-electron,4913987419327859,65862-017,2023-06
281,jcb,3541091044513629,37000-561,2023-05
282,jcb,3556483838457091,0283-0886,2023-03
283,jcb,3541137487619280,36987-1290,2023-03
284,diners-club-enroute,201429413492313,43063-085,2022-10
285,jcb,3541522584885670,68016-014,2022-10
286,switch,4905410614457272,43598-305,2023-02
287,jcb,3545748581343126,41250-140,2023-07
288,americanexpress,374288313532102,66184-510,2023-04
289,switch,4903935273060852,63629-2954,2022-11
290,jcb,3563629538382945,55111-320,2023-02
291,bankcard,5602215855817925,11559-728,2022-12
292,maestro,5020386627815309,17187-1061,2022-10
293,jcb,3555701645898970,35356-650,2023-01
294,diners-club-us-ca,5484975605185302,61238-1125,2022-11
295,jcb,3542369719577882,0009-5191,2023-06
296,jcb,3589598125200804,47993-200,2023-03
297,jcb,3577124942925855,10139-071,2023-06
298,laser,6706549621299460,42254-184,2023-01
299,jcb,3587768471633856,12213-730,2022-11
300,mastercard,5108757366364847,12634-539,2023-05
301,china-unionpay,56022285431312902,60512-6294,2022-10
302,instapayment,6387459925689364,50346-005,2023-08
303,jcb,3543214576027192,65121-003,2022-09
304,switch,4936596390044228,10056-710,2023-05
305,jcb,3548010909208862,62037-862,2022-09
306,maestro,676329512103707217,54868-5627,2022-10
307,jcb,3588078853452290,41167-0053,2023-06
308,diners-club-us-ca,5436358047989715,52343-055,2022-10
309,visa-electron,4913275810802021,54868-5141,2023-07
310,jcb,3548737583908553,25010-815,2022-11
311,jcb,3552747547680704,50419-105,2023-01
312,jcb,3589048324479791,0378-4162,2022-12
313,jcb,3555508850619581,55316-476,2023-01
314,maestro,6763793000121032,0113-2442,2023-03
315,jcb,3583565534707808,56131-759,2023-05
316,jcb,3580562409681088,24987-425,2022-11
317,switch,633110737258094517,0121-1744,2022-09
318,jcb,3565854385156717,52125-471,2022-10
319,switch,491196206953690128,0007-4892,2023-04
320,switch,4903397213878237677,59779-098,2023-03
321,switch,4903658872130641747,42858-005,2023-08
322,mastercard,5100134249052015,41595-6503,2023-06
323,bankcard,5610752130257998,64058-615,2023-06
324,jcb,3576365081084530,51346-049,2023-07
325,jcb,3539825573022393,0409-2025,2023-02
326,diners-club-carte-blanche,30098559277361,76151-217,2022-09
327,visa-electron,4508217395367369,66116-527,2023-06
328,jcb,3559762982806618,55289-524,2023-03
329,jcb,3545669179546062,50436-6304,2022-09
330,jcb,3585078430665649,67938-0908,2023-02
331,jcb,3588200790712640,0409-1176,2023-08
332,jcb,3575580343711768,61442-222,2022-12
333,jcb,3580299527349336,49852-016,2023-05
334,diners-club-enroute,201902943061428,59779-335,2023-06
335,mastercard,5010129577128527,36987-1796,2023-01
336,switch,493611038046546709,65841-755,2023-03
337,jcb,3576435659070342,10237-652,2023-08
338,jcb,3547130737042548,76261-125,2023-05
339,china-unionpay,5610129716256703768,49035-199,2022-10
340,mastercard,5327164638268861,45765-5130,2022-11
341,switch,490578605498026187,0093-7425,2022-09
342,jcb,3589387766983443,61587-1001,2023-07
343,jcb,3586834349476414,45802-057,2022-09
344,switch,4936902144527915751,55154-3418,2023-04
345,jcb,3581230074568688,53645-1780,2022-09
346,jcb,3544283592044761,63323-772,2023-03
347,diners-club-enroute,201546421415851,57691-093,2022-11
348,visa,4017950987205753,0228-2996,2023-06
349,diners-club-enroute,201991636755008,63323-269,2023-02
350,americanexpress,343216340171931,49035-348,2023-02
351,visa-electron,4917186275764836,60512-2011,2023-03
352,diners-club-carte-blanche,30405490068736,67239-0205,2023-01
353,jcb,3575317642726746,41520-472,2023-02
354,bankcard,5602239627926798,28107-007,2022-11
355,mastercard,5207333593836518,36987-1870,2023-06
356,mastercard,5224781330994967,43742-0490,2023-08
357,jcb,3558123156681272,0409-1902,2023-03
358,jcb,3536833640940350,0143-9873,2023-06
359,jcb,3564226713035643,57520-0229,2022-09
360,americanexpress,374622625248116,63739-483,2022-09
361,jcb,3529315448766095,0781-5915,2023-03
362,jcb,3574129278588055,37808-327,2023-06
363,jcb,3587913315938356,59390-140,2023-01
364,jcb,3570331323988678,54868-4974,2023-07
365,switch,675901931936479778,45802-368,2023-04
366,china-unionpay,5610220777077426797,0039-0067,2022-12
367,jcb,3589023459497132,44567-102,2023-04
368,instapayment,6393759853826322,30142-861,2023-03
369,china-unionpay,560222172208773152,49288-0133,2023-03
370,maestro,58937148208667546,66993-470,2023-04
371,laser,6709280950331828084,16571-140,2022-11
372,jcb,3534690441189427,59779-392,2022-11
373,americanexpress,372301356547457,52125-759,2022-09
374,diners-club-carte-blanche,30356538733742,55319-534,2023-05
375,jcb,3560755099316080,0179-1470,2022-12
376,jcb,3585622691313041,41250-041,2023-02
377,mastercard,5048379518174868,65649-102,2023-07
378,jcb,3565783321430086,59667-0070,2022-12
379,diners-club-carte-blanche,30495975131331,52125-353,2023-08
380,jcb,3560488474333930,60927-115,2023-01
381,jcb,3567679600085773,44717-148,2022-12
382,maestro,50182265595698899,35356-877,2022-11
383,jcb,3568146431192417,37012-099,2022-12
384,jcb,3560805180517060,68645-404,2023-06
385,jcb,3560678730053716,53808-0832,2023-06
386,bankcard,5602249652705629,63739-515,2023-01
387,jcb,3571965430600442,43857-0102,2023-06
388,diners-club-us-ca,5505424522589549,60760-257,2023-07
389,china-unionpay,56022574255599854,0409-9366,2023-04
390,switch,675963273636032960,75905-001,2022-09
391,jcb,3571278036883341,49924-1231,2023-02
392,jcb,3572391087144007,57237-109,2022-10
393,jcb,3577395409820587,50436-3592,2023-07
394,maestro,50380385426235875,10702-007,2023-04
395,visa,4041592170762917,65862-458,2022-10
396,jcb,3577884448892046,59676-101,2023-08
397,visa-electron,4913428704473439,42291-112,2023-03
398,jcb,3562125139951080,33758-001,2022-10
399,jcb,3579315111012826,55289-757,2022-10
400,solo,6334623457122516,48951-4088,2023-06
401,solo,633499958736915237,36000-004,2023-08
402,mastercard,5007664259338213,10096-0183,2022-08
403,jcb,3555781003069604,42549-518,2023-06
404,mastercard,5048377917383650,64159-6994,2023-06
405,mastercard,5100148466931594,43419-703,2022-11
406,americanexpress,374288666357677,31722-713,2023-04
407,maestro,5038534252108377372,51672-4138,2022-11
408,maestro,6761138517418973078,11673-450,2022-11
409,jcb,3569228096158419,36987-1530,2022-09
410,diners-club-carte-blanche,30381196531691,62756-294,2023-06
411,jcb,3542239166016173,13630-0055,2023-06
412,jcb,3561543286216381,54144-001,2023-05
413,china-unionpay,56022306579703544,55312-072,2023-02
414,diners-club-enroute,201636684946344,63323-424,2023-05
415,jcb,3545843109932441,0781-1437,2023-02
416,diners-club-carte-blanche,30500773658474,63739-469,2023-04
417,visa-electron,4917836874622518,60512-8022,2022-11
418,jcb,3556629417209093,75949-5001,2022-11
419,jcb,3565150339901229,0093-7115,2023-06
420,jcb,3555954137540325,36987-1433,2023-06
421,bankcard,5602237219162897,50268-698,2023-04
422,americanexpress,374288909195041,51389-210,2022-09
423,jcb,3582892561894916,0781-9112,2023-04
424,jcb,3588700125531078,61995-2923,2023-06
425,jcb,3530054468356571,55648-102,2023-06
426,china-unionpay,5602249383259904,50730-8428,2023-01
427,jcb,3562744793936383,53345-011,2023-01
428,diners-club-us-ca,5501615486898818,35356-226,2022-12
429,mastercard,5007667650154329,65862-059,2023-08
430,jcb,3552069479091564,53329-905,2022-11
431,maestro,63042982812387873,37000-587,2023-08
432,visa,4017954381927392,65862-171,2023-01
433,americanexpress,374622663724630,52959-643,2023-07
434,jcb,3563964823634316,49738-294,2022-11
435,maestro,676160656070114212,37000-071,2023-04
436,switch,4903770918885686198,68084-064,2023-05
437,jcb,3575646123947094,42248-105,2022-10
438,jcb,3530457999185775,59779-900,2023-03
439,jcb,3575464164472331,0832-0233,2023-01
440,jcb,3537460730707835,63545-644,2023-04
441,jcb,3545735346995985,64525-0554,2023-04
442,jcb,3536021692612651,68196-299,2022-11
443,solo,6767994187123769,0615-3505,2022-09
444,china-unionpay,56022156221084243,55648-720,2023-01
445,diners-club-carte-blanche,30305110885768,61919-231,2023-05
446,mastercard,5118084247370572,59262-347,2022-11
447,jcb,3586674671343836,0268-1223,2022-12
448,diners-club-enroute,201645564318714,37000-336,2023-02
449,maestro,63042859482255509,67296-0544,2022-09
450,china-unionpay,56102962716500442,53499-5271,2023-07
451,jcb,3574858573734424,41190-244,2023-04
452,switch,6331106193918090464,0884-0773,2022-12
453,mastercard,5048379608769452,0462-0359,2023-04
454,laser,670652172113303182,49349-414,2023-08
455,mastercard,5100146320524506,49349-967,2022-10
456,switch,564182131681970081,64117-529,2022-12
457,jcb,3576703431254207,51079-996,2023-01
458,mastercard,5327805466539522,49349-300,2023-03
459,switch,6759502852225906488,36987-1403,2023-05
460,jcb,3561572145413749,14290-314,2023-08
461,jcb,3539304621741354,0904-5678,2023-04
462,bankcard,5602230698152497,12213-730,2022-12
463,diners-club-carte-blanche,30412287699988,62037-692,2023-05
464,mastercard,5108751914984198,63972-003,2022-11
465,jcb,3583014355644154,49288-0825,2023-07
466,jcb,3550753014290615,51389-105,2023-04
467,jcb,3538416427088730,63739-509,2022-11
468,jcb,3589521413708833,54144-001,2022-12
469,jcb,3538701421874387,12258-242,2023-01
470,jcb,3546599800969558,76439-329,2023-01
471,maestro,58937819410081151,66969-6024,2023-06
472,jcb,3580187872090425,52125-523,2023-08
473,visa-electron,4175004921850593,54569-5360,2023-06
474,jcb,3544520522696818,59779-273,2023-03
475,jcb,3563897442060572,0378-0162,2023-08
476,jcb,3588851661967125,68645-481,2022-09
477,china-unionpay,56100011666108012,46287-010,2022-11
478,maestro,6304462031435730,59262-362,2022-12
479,maestro,67618734895855275,33342-037,2022-12
480,jcb,3565032390377921,0115-8344,2023-07
481,china-unionpay,5610824616011608021,49288-0626,2023-03
482,jcb,3536720166417162,68382-142,2022-12
483,china-unionpay,56022245631083604,52685-410,2023-04
484,laser,63049606107920840,49817-0060,2022-09
485,visa-electron,4405691803367175,30142-320,2023-05
486,jcb,3556582260913552,55315-473,2023-03
487,diners-club-enroute,201448522972270,54569-1754,2023-06
488,maestro,50209641381360978,67618-310,2023-08
489,jcb,3559330677899593,0338-1075,2023-01
490,diners-club-carte-blanche,30098922720493,65517-0004,2023-04
491,diners-club-carte-blanche,30120228469870,16590-381,2023-01
492,maestro,58932532844532179,49035-170,2023-08
493,jcb,3550107628644255,62011-0102,2023-02
494,china-unionpay,5602216328872465755,64942-1205,2023-03
495,mastercard,5325863825240672,55154-8283,2023-07
496,visa-electron,4844518627732673,0019-9884,2023-05
497,jcb,3553461851126127,36987-3005,2023-07
498,jcb,3574674219491661,57520-0406,2023-07
499,americanexpress,337941984064278,55289-084,2022-09
500,jcb,3588871269226666,57520-0434,2022-12
501,jcb,3538908433550158,21695-989,2023-06
502,china-unionpay,56022557095322082,21695-182,2023-05
503,maestro,6763546794076791090,0069-0302,2023-02
504,jcb,3579074112395413,21695-009,2023-05
505,jcb,3543382054028808,64127-135,2022-09
506,visa-electron,4026495720163835,62756-511,2022-11
507,jcb,3532573694527174,58443-0016,2023-03
508,jcb,3572608302560679,0049-3190,2023-08
509,china-unionpay,5602225817317177701,63629-1830,2023-05
510,jcb,3534617218111995,16729-197,2023-07
511,jcb,3557229388238376,0591-3750,2022-09
512,jcb,3550311549079704,42806-049,2023-03
513,switch,5641826244106501101,36987-2484,2022-12
514,mastercard,5007666977914977,41190-141,2023-01
515,diners-club-enroute,201700627937495,41250-645,2023-07
516,jcb,3553229655067361,61995-2921,2023-03
517,jcb,3546957787262159,43063-438,2022-12
518,maestro,6304306276124410512,0071-1018,2023-06
519,jcb,3569804183622093,64942-1165,2023-01
520,jcb,3531995447657076,65364-110,2022-12
521,switch,564182512684997355,54641-006,2023-06
522,jcb,3578006518955508,10885-001,2023-07
523,jcb,3545591771202482,68084-762,2022-09
524,diners-club-enroute,201473065560076,0069-2589,2022-10
525,jcb,3536578539300527,64455-994,2023-04
526,jcb,3535601962439314,50942-002,2023-06
527,jcb,3531693911104408,62584-259,2023-07
528,visa-electron,4913232240404829,63629-2884,2022-09
529,mastercard,5048379898142766,63323-461,2023-01
530,visa,4041378318436360,48951-8025,2023-05
531,jcb,3562622774167030,67777-219,2023-07
532,bankcard,5602249699064402,22700-139,2023-06
533,jcb,3576196790156131,68001-115,2022-12
534,visa-electron,4844600354860800,56062-224,2022-09
535,switch,5641825418615500,59158-914,2022-11
536,mastercard,5216533675670946,36800-866,2023-05
537,mastercard,5100141442663589,58411-143,2023-07
538,jcb,3576447177068666,13630-0039,2022-09
539,diners-club-enroute,201842445023007,37000-069,2023-07
540,mastercard,5428542131749578,66336-666,2023-07
541,mastercard,5315592698463580,53499-5390,2023-06
542,jcb,3537606390122208,42508-164,2023-08
543,maestro,50388672928712424,60319-3001,2022-12
544,jcb,3566448114620132,68356-109,2022-11
545,diners-club-us-ca,5531873153093445,50563-165,2023-08
546,jcb,3563155541568924,11822-0974,2023-03
547,diners-club-carte-blanche,30291056800344,52686-267,2022-12
548,americanexpress,349383477831481,50795-1001,2023-08
549,diners-club-enroute,201537065196436,10578-017,2022-12
550,china-unionpay,5602236228621059,49967-984,2023-03
551,maestro,67621061419173521,42291-231,2022-12
552,jcb,3589487494564935,68988-120,2023-07
553,jcb,3575055610438445,51862-229,2023-06
554,solo,6334576710641263970,57520-0095,2022-11
555,visa-electron,4026944607406643,33261-105,2023-08
556,jcb,3544299806956772,24385-461,2023-08
557,jcb,3564131846355316,33261-517,2023-08
558,diners-club-enroute,201939660890142,59779-433,2022-11
559,jcb,3546658344214085,13537-241,2023-01
560,jcb,3560830362406932,0143-1785,2023-06
561,jcb,3562722605361362,33261-459,2023-02
562,bankcard,5602219411464883,68788-9371,2022-12
563,jcb,3532287690413863,76485-1018,2023-01
564,jcb,3528279956579285,52544-473,2023-05
565,diners-club-enroute,201448813402292,36987-1557,2023-06
566,diners-club-enroute,201441148389912,13811-641,2022-12
567,jcb,3552756273957137,42221-0001,2023-03
568,diners-club-carte-blanche,30334490197222,68814-111,2022-10
569,jcb,3554726075633606,10812-101,2022-12
570,americanexpress,374283266300037,0485-0202,2022-10
571,jcb,3546289193320599,58929-300,2023-08
572,china-unionpay,5602245648773813174,51655-151,2022-09
573,americanexpress,347099498875339,41268-029,2023-06
574,jcb,3577327085106759,55154-5441,2023-07
575,jcb,3559475978157967,59779-600,2022-09
576,americanexpress,372301657732063,14060-010,2022-10
577,jcb,3571241176524406,11748-010,2023-01
578,jcb,3551688079639893,67046-103,2022-11
579,laser,6706534269104347,66902-800,2023-03
580,jcb,3572042112017672,50436-3762,2023-06
581,visa-electron,4175000209872762,0268-1384,2022-11
582,instapayment,6372542706637384,65044-3453,2022-11
583,jcb,3583108313254419,0220-9134,2023-03
584,jcb,3575196248503182,75987-021,2022-09
585,jcb,3544238166227432,55312-942,2023-06
586,jcb,3556974086948914,0519-1344,2023-02
587,visa-electron,4175002000318912,45802-282,2023-02
588,china-unionpay,5610065496885166184,60429-108,2023-03
589,mastercard,5002354382155669,48951-2053,2022-10
590,jcb,3587288874154145,68001-176,2023-02
591,jcb,3541892923877369,43074-207,2023-03
592,jcb,3532584027623846,44911-0034,2023-01
593,americanexpress,372301087187169,63304-644,2023-01
594,switch,4903108006676630,0054-0278,2023-05
595,diners-club-enroute,201438858928442,10109-1234,2023-04
596,jcb,3536546025820050,0268-0716,2022-09
597,instapayment,6391739937357579,55714-4473,2022-10
598,jcb,3534754626198213,49288-0629,2023-05
599,solo,676741126792868311,49643-358,2022-09
600,jcb,3540160334895128,63323-491,2022-12
601,jcb,3544709601132312,68084-762,2022-09
602,bankcard,5602234529218931,49035-650,2023-07
603,china-unionpay,5610748362508269794,36987-2872,2023-05
604,jcb,3543939224003811,11822-0047,2023-03
605,diners-club-carte-blanche,30359870035908,43063-441,2022-10
606,diners-club-us-ca,5490278615404124,16477-820,2023-06
607,jcb,3567790268005431,0904-0430,2022-09
608,jcb,3584007538007223,10006-008,2023-07
609,diners-club-enroute,201986281861788,53614-001,2023-05
610,mastercard,5100136375751609,0378-2071,2023-02
611,solo,676710862906879797,11822-0217,2022-11
612,jcb,3555997195587498,31722-256,2023-02
613,diners-club-enroute,201719742552450,0088-2220,2023-03
614,mastercard,5188496465968264,33261-352,2023-04
615,maestro,6304759070878146543,51523-012,2022-09
616,visa-electron,4917286015340069,68828-126,2023-07
617,mastercard,5229896766600873,63824-810,2022-10
618,mastercard,5048371192773032,50114-1032,2022-10
619,mastercard,5362505703826601,50436-0340,2023-03
620,jcb,3580347657115405,68788-9223,2023-01
621,bankcard,5602235749125145,53943-554,2022-10
622,jcb,3571524823888930,21130-456,2023-02
623,jcb,3549525569630872,65162-643,2023-04
624,jcb,3568315284883857,16590-280,2023-07
625,jcb,3584652262639244,55316-563,2023-01
626,jcb,3548296935600905,33992-6775,2022-09
627,jcb,3551876701452039,55910-233,2023-01
628,diners-club-enroute,201485927563668,0615-6595,2022-12
629,jcb,3581802905865713,51655-155,2023-07
630,diners-club-us-ca,5473558623398397,49715-019,2023-05
631,switch,5641822515187335,59676-101,2022-12
632,jcb,3545554490986694,51224-301,2023-06
633,maestro,502018141012089857,65044-4812,2022-11
634,bankcard,5610487488883612,41163-420,2023-06
635,laser,6706065445835161345,66336-902,2022-09
636,mastercard,5471258096271450,50563-135,2023-02
637,china-unionpay,560221049739053935,63029-603,2023-03
638,jcb,3547079874349184,61010-2111,2023-08
639,jcb,3532551252714905,10267-3852,2023-01
640,jcb,3545346891854963,57520-0017,2023-06
641,laser,67090269644411895,48951-1194,2023-03
642,jcb,3532138425668463,75857-1108,2023-03
643,maestro,50186152094344397,0132-0190,2023-06
644,diners-club-carte-blanche,30154752487107,0409-7115,2022-12
645,jcb,3570795410781222,52533-074,2022-09
646,jcb,3557060119530215,66993-405,2023-01
647,jcb,3580965941710374,21695-173,2023-08
648,visa-electron,4913288906660468,75854-305,2022-11
649,jcb,3546783859832970,51346-260,2023-07
650,visa-electron,4026981819541692,51346-029,2023-04
651,jcb,3544435222267358,59262-346,2023-02
652,jcb,3583776186423947,42507-199,2023-03
653,mastercard,5010124200277619,52125-635,2023-03
654,visa,4063136191176724,55154-4235,2023-01
655,maestro,50207843162142904,42255-900,2023-05
656,visa-electron,4175007712700620,49643-003,2022-12
657,mastercard,5007667418597884,59575-500,2022-11
658,visa,4247623288019,36987-2401,2022-12
659,jcb,3587156931741883,36987-1305,2023-02
660,jcb,3583318199626172,76260-101,2023-05
661,jcb,3530586502809479,10096-0306,2023-06
662,jcb,3582451038266792,52125-619,2023-01
663,jcb,3581216820843244,68016-021,2023-04
664,jcb,3553218232531791,43547-269,2023-05
665,americanexpress,374283771435179,50302-310,2022-10
666,diners-club-carte-blanche,30183419783707,68788-9923,2023-03
667,visa,4017959249582172,53808-0436,2023-01
668,bankcard,5602217674584504,49035-251,2023-05
669,china-unionpay,56022169845606069,0409-7905,2023-05
670,maestro,6759100598106887844,67046-655,2023-05
671,jcb,3555618207684178,63044-030,2023-04
672,visa,4017950621573,60696-1234,2023-03
673,bankcard,5602258929838428,53808-0702,2023-05
674,americanexpress,373800594056576,49967-126,2022-10
675,instapayment,6373910223776622,67234-023,2023-02
676,jcb,3548382652838926,49967-095,2023-02
677,diners-club-us-ca,5582629756558798,49288-0492,2023-08
678,visa-electron,4175006402261356,52533-060,2023-05
679,jcb,3528293694144625,59115-135,2022-12
680,americanexpress,344888819141352,45984-0003,2022-09
681,bankcard,5602252723374334,0113-0484,2023-06
682,mastercard,5410585267997545,64380-746,2022-09
683,visa,4041373632926,49349-524,2023-07
684,diners-club-enroute,201898998695831,0944-2962,2022-09
685,switch,5641829058967668,42217-201,2023-02
686,jcb,3581990768977301,0093-0752,2023-06
687,visa,4742062775321198,54868-6106,2022-10
688,china-unionpay,560224993742682346,59614-298,2022-11
689,visa,4028555736302,64942-1073,2022-09
690,solo,6334132054799494708,62362-184,2022-12
691,jcb,3555514249477988,0185-4351,2023-01
692,maestro,67592025004235750,31722-207,2022-09
693,diners-club-us-ca,5472138847395759,54868-6146,2022-12
694,diners-club-enroute,201450858954971,68570-812,2023-02
695,jcb,3563421359318178,60512-2020,2023-02
696,china-unionpay,56022291017253353,55312-535,2023-01
697,americanexpress,374283536785108,52125-541,2023-03
698,diners-club-enroute,201786376104346,37808-181,2023-02
699,maestro,501897456085774898,76237-289,2022-10
700,visa-electron,4508742411003227,0615-5502,2022-10
701,diners-club-us-ca,5572851518548824,51824-008,2023-07
702,maestro,5038424523032287827,10812-508,2022-09
703,diners-club-us-ca,5406494747194912,58194-013,2023-01
704,switch,4936969676481507,59972-0106,2023-08
705,americanexpress,379332539385872,52125-073,2023-03
706,visa,4686071399174337,64720-187,2023-06
707,jcb,3566270155557688,0172-3927,2023-03
708,diners-club-enroute,201907571419020,55289-403,2023-07
709,jcb,3544777239637788,53808-0928,2023-01
710,mastercard,5007661936146209,41163-166,2023-07
711,switch,4936398835644290736,55111-662,2023-01
712,switch,6333628892962374261,54458-926,2023-01
713,diners-club-enroute,201959302554385,10345-030,2023-05
714,jcb,3551172237631894,35356-882,2023-01
715,china-unionpay,5602211927908982,52124-0002,2023-03
716,visa-electron,4913492099444504,66467-2003,2022-12
717,jcb,3542170072999691,61442-142,2023-03
718,jcb,3532769426151263,0069-4310,2023-08
719,visa,4041377898709915,60505-2639,2023-06
720,jcb,3541867770867531,51621-042,2023-02
721,jcb,3556124077781318,64792-0001,2023-06
722,china-unionpay,56022371738964882,65862-117,2023-07
723,jcb,3555987697338508,63148-225,2022-09
724,maestro,589333317393733652,0206-5501,2022-11
725,jcb,3561053829228570,63629-1343,2023-01
726,jcb,3570073572464239,54973-3158,2023-03
727,china-unionpay,56022276350686236,13537-269,2023-06
728,mastercard,5264517328027282,68788-9735,2023-04
729,bankcard,5610499430914668,0615-3512,2023-02
730,jcb,3538863017079951,64942-1177,2023-06
731,visa,4017959371923,36987-1678,2023-02
732,jcb,3574393160798160,66184-531,2023-07
733,jcb,3574442416853731,59875-3005,2023-01
734,jcb,3535195343744146,49288-0071,2023-07
735,jcb,3545885141316281,10216-3081,2022-11
736,mastercard,5100176311190850,0115-5445,2023-01
737,jcb,3542570412939473,63783-007,2023-04
738,jcb,3564769597647025,43742-0380,2022-10
739,americanexpress,374622284730826,16590-037,2023-04
740,jcb,3552868206061489,62839-0804,2023-08
741,jcb,3528721413524982,0456-2220,2022-12
742,switch,5641825556820759231,55289-707,2022-12
743,maestro,6762019902051213,21695-329,2023-06
744,americanexpress,372301445247762,51672-1326,2022-11
745,jcb,3548028568793867,37205-736,2023-01
746,jcb,3566372811982787,55111-467,2022-12
747,diners-club-international,36938794404946,55926-0025,2023-07
748,maestro,0604675185109146,53389-130,2023-06
749,visa,4465914853784,49981-018,2023-04
750,jcb,3567852243615781,55714-8013,2023-08
751,jcb,3553168881978027,60429-763,2023-07
752,bankcard,5602243056508622,47918-840,2023-04
753,switch,675920519995735797,48951-2069,2022-10
754,china-unionpay,5602223558877154,0573-1906,2023-05
755,americanexpress,374283353713845,57691-118,2023-03
756,maestro,630481837134138699,49884-746,2022-10
757,laser,67067204842770338,49349-600,2023-01
758,americanexpress,374283775765282,48951-4086,2023-05
759,maestro,6761322947418137,63629-5083,2022-11
760,mastercard,5007664816899608,61481-3002,2023-03
761,diners-club-enroute,201596536229283,24338-100,2023-01
762,visa-electron,4508862684993514,0603-3633,2023-08
763,diners-club-us-ca,5559727161587318,56062-430,2022-10
764,jcb,3538207767525716,62670-8043,2023-05
765,maestro,060440851174945293,37000-754,2022-12
766,china-unionpay,5602214304069419576,37808-428,2022-11
767,jcb,3572783293154301,68084-777,2023-08
768,jcb,3535382059119180,50268-402,2023-02
769,jcb,3585800959543778,51346-172,2023-06
770,mastercard,5100136895166569,63459-177,2023-01
771,jcb,3564743997981003,49035-667,2023-08
772,jcb,3580143645924242,36987-1784,2023-05
773,mastercard,5100175661078905,11822-7310,2022-12
774,maestro,06047339590555680,64679-724,2023-06
775,diners-club-enroute,201492319531576,68151-4734,2022-11
776,americanexpress,337941478773020,57691-162,2023-07
777,americanexpress,376016694454572,0924-0014,2023-02
778,jcb,3533286696038806,69148-001,2022-10
779,mastercard,5100149029619791,11410-609,2023-04
780,jcb,3587165987746746,43419-708,2023-05
781,jcb,3528604963633660,66579-0014,2023-08
782,china-unionpay,5602210284505275416,61715-010,2023-07
783,jcb,3536530826514526,50988-234,2023-05
784,jcb,3538842592772644,51991-712,2023-07
785,jcb,3547566086278318,49643-336,2022-09
786,instapayment,6389988580556862,43063-202,2022-10
787,jcb,3575932318616763,50436-6578,2023-06
788,americanexpress,372459310425861,68151-0574,2022-10
789,americanexpress,372301263714745,0591-3423,2023-06
790,jcb,3565612383831602,49348-811,2023-03
791,jcb,3535176169519150,43269-879,2023-08
792,china-unionpay,56107748028124053,11118-1106,2023-08
793,solo,676770057345346592,48878-3160,2023-08
794,jcb,3539376757617707,76282-250,2022-09
795,jcb,3578803438700463,36987-1945,2022-10
796,jcb,3543020087519977,57520-0900,2022-10
797,jcb,3578323476934973,61245-176,2022-10
798,diners-club-enroute,201854973902262,36987-2929,2022-09
799,diners-club-enroute,201653910059321,21839-091,2023-02
800,jcb,3564006193800595,0703-2394,2022-10
801,jcb,3543545820998021,61657-0327,2023-03
802,jcb,3528818218765537,36987-1138,2023-08
803,bankcard,5602255102661528,49349-969,2022-10
804,solo,633435547951644593,63323-327,2022-09
805,mastercard,5239780395130924,68788-9045,2022-11
806,switch,5641825635890308,0054-4721,2022-09
807,visa-electron,4844339255654190,59667-0029,2023-08
808,jcb,3539065880003089,64942-1346,2022-11
809,bankcard,5602244841035202,59478-000,2022-11
810,americanexpress,370875100772505,98132-889,2023-05
811,diners-club-carte-blanche,30518634415983,76354-016,2023-03
812,jcb,3580570042630578,36987-2833,2023-05
813,diners-club-carte-blanche,30338938006531,35356-386,2022-09
814,jcb,3546044869944630,63783-006,2023-06
815,jcb,3588949562065773,68084-816,2022-12
816,china-unionpay,5602241797484681,51672-4001,2022-11
817,jcb,3545412783701934,52125-393,2023-06
818,jcb,3533525425457336,36987-1904,2023-05
819,laser,670627895409145170,48951-8076,2023-01
820,jcb,3563484023259285,43458-1003,2022-12
821,jcb,3570731625402940,13537-492,2022-08
822,laser,670960262287404168,14783-035,2023-06
823,china-unionpay,5602210955418510532,66715-9704,2023-03
824,switch,4903265312902744,63779-056,2023-08
825,jcb,3555046723971210,0069-0980,2023-05
826,laser,630497621529647023,61481-3004,2022-09
827,jcb,3575001759584334,42291-209,2022-10
828,visa-electron,4913525050539513,36987-1279,2023-02
829,jcb,3577574980524020,55316-296,2023-07
830,mastercard,5002356918649321,17478-501,2023-01
831,laser,67097702773600758,50164-0002,2023-08
832,laser,6771560571109096,60432-621,2023-04
833,americanexpress,374283273980805,63940-055,2023-02
834,jcb,3584891094859808,54973-0610,2023-07
835,jcb,3529206891179730,63629-1494,2022-12
836,jcb,3555968539686601,59726-225,2023-08
837,jcb,3585071175776770,54868-0153,2023-06
838,jcb,3588133573529628,68788-9919,2022-09
839,jcb,3529131166531557,68788-9929,2022-10
840,jcb,3530243848358908,76159-004,2023-05
841,jcb,3567888778896545,35356-752,2022-11
842,jcb,3542053862912167,0031-2293,2022-10
843,diners-club-enroute,201810628364985,64997-200,2022-10
844,jcb,3579772940455610,56062-029,2022-10
845,visa-electron,4508671372334273,43538-172,2022-11
846,diners-club-carte-blanche,30572115496996,49817-0069,2023-08
847,jcb,3533641607869428,59535-2801,2023-07
848,mastercard,5048375939519285,13107-020,2023-07
849,diners-club-carte-blanche,30442561249150,57520-0104,2022-12
850,americanexpress,372301127805747,0699-7061,2023-02
851,china-unionpay,5602244019274807,11509-0376,2022-09
852,maestro,5038175223486064480,60949-030,2023-04
853,jcb,3570777491958937,36800-523,2023-04
854,mastercard,5578542236083509,65954-773,2023-02
855,bankcard,5602225253969228,36987-2597,2023-08
856,bankcard,5602231788985341,58668-2261,2023-01
857,instapayment,6391851179513056,62756-146,2022-12
858,jcb,3562492349314073,55315-528,2022-09
859,maestro,67626918551014943,36800-188,2022-12
860,switch,6333275689164385,58118-0213,2022-12
861,switch,5641827281855518190,37000-824,2022-12
862,visa-electron,4405912996665500,53877-001,2023-08
863,jcb,3570507690756398,0781-1407,2022-09
864,jcb,3563540758755407,13925-169,2022-10
865,jcb,3555045033203348,48951-7079,2023-05
866,laser,6706687023968542827,43857-0310,2023-07
867,jcb,3530534041745358,63783-501,2023-06
868,switch,6333872462966380,36800-800,2023-04
869,switch,6331100410691116761,55315-159,2023-04
870,mastercard,5112873105530681,76439-269,2023-04
871,maestro,50387312920921134,53877-007,2022-11
872,jcb,3575815076492974,49035-648,2023-05
873,switch,4903716386816236,49738-594,2022-11
874,visa,4041595540412931,16571-303,2022-12
875,maestro,5038355462610562405,76237-290,2023-03
876,jcb,3539235177031933,21130-778,2023-04
877,visa,4041593889410202,50114-5356,2023-02
878,americanexpress,374283370919904,0603-5915,2023-06
879,jcb,3557988576355603,42291-607,2022-11
880,jcb,3543031194869452,49281-650,2023-06
881,jcb,3566604376917455,0093-5503,2022-09
882,mastercard,5108752347606424,42507-477,2023-03
883,diners-club-international,36658995097709,54868-6165,2023-05
884,jcb,3588202025384872,59779-370,2023-03
885,jcb,3584038529778985,49349-344,2023-06
886,jcb,3553736123016218,52544-164,2023-01
887,visa-electron,4844071271365713,53462-504,2022-10
888,jcb,3531189770240458,54868-4199,2022-11
889,jcb,3586666572060980,63941-161,2023-05
890,jcb,3546261328939171,53217-020,2022-09
891,mastercard,5142947611753062,53208-429,2023-05
892,visa-electron,4844155024155974,61919-009,2022-10
893,switch,490533876494287735,76282-238,2023-08
894,maestro,6763725431681721,58238-229,2022-09
895,mastercard,5007662744045872,43063-336,2022-12
896,mastercard,5048375720530160,0703-4116,2023-02
897,diners-club-carte-blanche,30303526695798,75981-909,2023-04
898,jcb,3552670994605505,54868-4928,2023-01
899,americanexpress,337941288927709,61314-019,2023-05
900,laser,6771030090687915,64117-953,2023-01
901,mastercard,5100148816130988,14783-081,2022-11
902,jcb,3589331372425084,0781-3223,2022-11
903,jcb,3557638104548977,55154-5627,2022-12
904,china-unionpay,56022438870983275,54973-2900,2022-09
905,laser,6706447542489437,43353-389,2022-10
906,jcb,3569025737813554,43269-904,2023-03
907,visa-electron,4175007020159782,54748-402,2023-01
908,jcb,3549713333894343,37808-495,2022-09
909,visa,4682016080709317,37012-213,2023-06
910,jcb,3573380420191972,65923-831,2022-12
911,jcb,3539155733496000,41250-698,2022-10
912,jcb,3540063504493924,49348-431,2023-05
913,mastercard,5002355088315820,58633-232,2022-10
914,instapayment,6387765211522550,63824-072,2023-04
915,jcb,3573869452238263,68788-9703,2022-11
916,diners-club-enroute,201470890078639,36800-169,2023-05
917,jcb,3530080082104923,68084-198,2022-12
918,mastercard,5048373766876233,10157-4645,2023-04
919,laser,6304130164315468105,31722-545,2023-03
920,bankcard,5602253808862466,35356-471,2022-11
921,jcb,3544232149783652,36987-2757,2022-11
922,solo,676797621307198546,0591-3592,2023-07
923,jcb,3545911053648550,41616-221,2023-04
924,americanexpress,374283111980298,55346-0401,2022-09
925,jcb,3583018872688677,75957-002,2023-07
926,laser,67061022790437874,62011-0007,2023-03
927,switch,491189899057041856,61919-421,2022-10
928,diners-club-enroute,201633925777109,57520-0009,2022-09
929,jcb,3561232819361183,37000-830,2022-09
930,bankcard,5610352681679284,0548-9090,2022-11
931,jcb,3587304483479862,47682-268,2023-02
932,switch,4911198294511041902,43742-0455,2023-04
933,jcb,3572834873456077,63548-0065,2022-11
934,maestro,502076849489152540,43857-0220,2022-11
935,jcb,3528770787634935,63629-4346,2023-04
936,jcb,3574118186102968,52125-616,2023-05
937,diners-club-carte-blanche,30571029643883,48951-2037,2023-02
938,jcb,3545109111155862,17478-510,2022-08
939,jcb,3561820389741691,66184-520,2023-01
940,jcb,3540054778149102,0904-6255,2023-06
941,jcb,3550671081807246,55289-393,2022-12
942,visa-electron,4175007365225461,41520-319,2023-04
943,jcb,3579389079605087,58232-0050,2022-09
944,jcb,3568029597903076,55118-205,2022-10
945,jcb,3539637222290614,44911-0029,2022-12
946,jcb,3574524306157214,59115-073,2023-02
947,diners-club-carte-blanche,30000595941224,98132-137,2023-04
948,jcb,3534142183298446,0409-4916,2023-07
949,jcb,3563989443457855,53675-150,2023-05
950,jcb,3548506590708813,52125-832,2022-11
951,diners-club-enroute,201574422337684,59039-003,2022-11
952,jcb,3529114329001320,61062-0009,2023-07
953,diners-club-carte-blanche,30205788747201,33261-600,2022-09
954,jcb,3556806162588331,0904-5828,2023-01
955,americanexpress,373488309857916,33261-658,2023-03
956,mastercard,5595213624118187,54738-902,2023-03
957,china-unionpay,5602232318617107176,0268-6707,2023-01
958,jcb,3533230206428115,67172-292,2023-05
959,bankcard,5602242497231331,54295-312,2023-04
960,diners-club-enroute,201721274666179,65862-291,2022-12
961,diners-club-us-ca,5450289457808734,43269-724,2023-03
962,jcb,3555554804488574,41163-179,2022-10
963,jcb,3536537744319714,0591-3203,2023-08
964,jcb,3547401901805469,49781-043,2023-06
965,jcb,3548417689514924,59503-6585,2023-05
966,maestro,50388620479219059,15828-300,2022-12
967,switch,493650970050953847,42449-210,2022-09
968,switch,4903003969530069081,42799-105,2023-02
969,maestro,5893310426162535,54569-6497,2023-01
970,jcb,3579963839276320,36987-3070,2023-05
971,instapayment,6399428103830088,55289-299,2023-07
972,maestro,502027204167053943,51079-684,2023-07
973,mastercard,5130733896980180,35356-784,2022-11
974,jcb,3562245090396206,24385-601,2023-03
975,jcb,3577459045522047,36987-1319,2023-06
976,switch,633110933570385887,43538-501,2022-11
977,instapayment,6371376874824925,36987-3276,2023-05
978,switch,6759870602274751,36987-3189,2023-05
979,jcb,3575585391230587,33261-141,2023-03
980,diners-club-enroute,201884899308153,49288-0843,2023-01
981,mastercard,5101280109684469,57955-4053,2022-11
982,switch,633110778283068506,49546-106,2022-09
983,visa,4017956575505918,63850-0021,2023-02
984,americanexpress,372301608919702,0407-2223,2023-01
985,jcb,3561897422726392,24559-001,2022-12
986,jcb,3563587584366008,65044-5033,2022-09
987,diners-club-enroute,201653593906681,50484-304,2022-11
988,diners-club-carte-blanche,30255635003266,60512-6013,2022-10
989,diners-club-carte-blanche,30177261889141,67046-139,2023-02
990,solo,676776094854267962,52424-0001,2023-07
991,china-unionpay,560221442231177866,33342-058,2022-10
992,china-unionpay,5602228886661071,0781-2695,2023-05
993,instapayment,6393498479860064,0869-0370,2023-06
994,jcb,3529907647424706,53808-0813,2022-12
995,maestro,5020282647517803,0002-3238,2022-10
996,jcb,3589644214871491,62789-0001,2023-08
997,jcb,3559416589270070,43269-820,2023-06
998,laser,63042093353200564,46994-915,2023-08
999,laser,6706806507515314,63868-099,2023-06
1000,jcb,3530426778177808,49035-699,2023-08
