Shipping_ID,Tracking_Number,Shipping_Date,Shipping_Company,Customer_ID
1,9307247854,12/11/2022,Zoonoodle,1
2,0368551865,12/12/2022,Jazzy,2
3,1892496143,3/18/2023,Mudo,3
4,5368207247,8/10/2023,Devpulse,4
5,4388007080,1/18/2023,Skajo,5
6,4455514902,9/5/2022,Aimbo,6
7,4472477475,10/23/2022,Tagpad,7
8,0421651547,1/12/2023,Gigaclub,8
9,9720015764,10/14/2022,Mybuzz,9
10,8359342660,2/24/2023,Lajo,10
11,1605151580,6/6/2023,Bubblemix,11
12,6497566899,6/29/2023,Meevee,12
13,5605078585,11/19/2022,Oyonder,13
14,7647771833,1/30/2023,Demivee,14
15,3982486092,9/26/2022,Rhynyx,15
16,6458502516,2/7/2023,Tagopia,16
17,0107580586,9/2/2022,Skipfire,17
18,8094220449,6/4/2023,Innojam,18
19,8160561032,4/18/2023,Oyoyo,19
20,1962287025,10/15/2022,Browsezoom,20
21,8313199857,12/4/2022,Jazzy,21
22,9676587591,5/2/2023,Thoughtbeat,22
23,1448182352,3/27/2023,Snaptags,23
24,3007255996,3/28/2023,Tagfeed,24
25,7318741586,9/3/2022,Bluejam,25
26,8743144950,10/1/2022,Devshare,26
27,4360107099,5/18/2023,Eayo,27
28,7838864356,9/22/2022,Jabbersphere,28
29,5698120943,3/6/2023,Meembee,29
30,4932701616,5/12/2023,Yacero,30
31,1015682235,12/2/2022,Blogpad,31
32,5724951177,8/14/2023,Twinte,32
33,7897822060,9/11/2022,Ntags,33
34,5582098224,11/11/2022,Tagfeed,34
35,6956450968,2/9/2023,Tazz,35
36,8204697104,1/9/2023,Fivebridge,36
37,0699797810,5/27/2023,Roomm,37
38,1548107328,11/23/2022,Vimbo,38
39,1775758214,12/30/2022,Skynoodle,39
40,0449133680,8/10/2023,Twitterworks,40
41,9278570958,6/21/2023,Edgewire,41
42,4900399809,3/10/2023,Photolist,42
43,4660524450,12/5/2022,Ainyx,43
44,5206563218,11/28/2022,Dynabox,44
45,2256689123,12/29/2022,Jaloo,45
46,6189831915,5/8/2023,Yoveo,46
47,0655443940,5/23/2023,Agimba,47
48,0011754214,9/16/2022,Zoomlounge,48
49,7356238276,3/22/2023,Geba,49
50,2990737480,4/29/2023,Twiyo,50
51,1167664809,12/8/2022,Ntags,51
52,7340776591,11/17/2022,Janyx,52
53,6479414063,5/4/2023,Mymm,53
54,4666933565,6/5/2023,Zoomlounge,54
55,2273241798,1/16/2023,Tagcat,55
56,2683676166,1/29/2023,Camido,56
57,0017268036,5/31/2023,Thoughtstorm,57
58,5561896717,12/27/2022,Twitterbridge,58
59,0955957001,4/23/2023,Blognation,59
60,3135578321,4/2/2023,Jetwire,60
61,4535165130,11/23/2022,Youspan,61
62,3343829846,1/16/2023,Skalith,62
63,1599245094,10/31/2022,Wikivu,63
64,9081935720,2/23/2023,Abata,64
65,4624550374,2/10/2023,Zoonder,65
66,7045098820,11/10/2022,Gigabox,66
67,8718676871,2/14/2023,Topicware,67
68,1282712888,3/30/2023,Jaxspan,68
69,9653596985,2/8/2023,Tekfly,69
70,5523588156,3/13/2023,Wordware,70
71,4242526059,12/9/2022,Youopia,71
72,3731995697,11/2/2022,Wordify,72
73,6068876284,10/29/2022,Wikivu,73
74,2351053044,10/22/2022,Realcube,74
75,7622340650,9/4/2022,Demizz,75
76,8362100354,3/27/2023,Janyx,76
77,2369467029,8/15/2023,Oodoo,77
78,2166842542,11/6/2022,Zoomdog,78
79,5328492498,7/2/2023,Skippad,79
80,2369925175,9/26/2022,Quaxo,80
81,9858510063,2/7/2023,Yoveo,81
82,7974781580,12/4/2022,Rhynoodle,82
83,8042424868,6/19/2023,Divape,83
84,7083258295,8/11/2023,Edgewire,84
85,1534249273,4/20/2023,Feedbug,85
86,8266405263,2/20/2023,Photojam,86
87,3655187149,4/27/2023,Meedoo,87
88,8318343484,12/10/2022,Jabberstorm,88
89,4298118509,9/29/2022,Thoughtworks,89
90,6880663109,2/17/2023,Topicstorm,90
91,4380149692,7/27/2023,Feedmix,91
92,8391169421,3/19/2023,Myworks,92
93,4823390113,9/10/2022,Dynabox,93
94,7708607884,7/28/2023,Blognation,94
95,1781347921,12/23/2022,Eabox,95
96,7121626896,10/8/2022,Dabjam,96
97,2419406591,5/24/2023,Thoughtstorm,97
98,9242022004,4/20/2023,Skimia,98
99,3335859871,3/22/2023,Chatterbridge,99
100,4194382935,8/11/2023,Skipstorm,100
101,3181505706,5/30/2023,Linkbuzz,101
102,9387316076,6/20/2023,Midel,102
103,7292627919,4/20/2023,Meedoo,103
104,9829883264,9/19/2022,Buzzster,104
105,8180355721,7/31/2023,Thoughtbeat,105
106,0067850758,4/16/2023,Devpulse,106
107,9885743251,10/4/2022,Ainyx,107
108,8207551194,6/26/2023,Babbleblab,108
109,0745304419,1/8/2023,Reallinks,109
110,6100686805,7/15/2023,Twinder,110
111,5580133073,4/24/2023,Izio,111
112,8037642283,8/11/2023,Leenti,112
113,7433647945,8/28/2023,Minyx,113
114,6303481507,4/10/2023,Dynazzy,114
115,3295526575,1/27/2023,Tazz,115
116,1266342877,6/1/2023,Fivebridge,116
117,9859757321,12/30/2022,Jabbersphere,117
118,9085647940,6/13/2023,Meemm,118
119,6958478924,10/29/2022,Twitterwire,119
120,3250908738,9/13/2022,Mynte,120
121,8257439517,5/22/2023,Centimia,121
122,4418159762,12/12/2022,Skyba,122
123,1209070537,4/1/2023,Quatz,123
124,3340147256,2/24/2023,Realbuzz,124
125,0217387012,12/25/2022,Vipe,125
126,0157551539,3/8/2023,Trilia,126
127,3311928792,3/21/2023,Mita,127
128,9486004234,1/5/2023,Zoomdog,128
129,4320665376,12/25/2022,Jayo,129
130,5325942247,7/14/2023,Trudeo,130
131,8704994507,1/6/2023,Digitube,131
132,4279909040,5/10/2023,Brightbean,132
133,5059160343,11/15/2022,Realfire,133
134,2745980629,6/21/2023,Digitube,134
135,8802919313,12/15/2022,Vitz,135
136,9674253726,2/28/2023,Skiptube,136
137,9448618964,8/9/2023,Myworks,137
138,9831943724,1/30/2023,Zava,138
139,5217974745,8/8/2023,Meevee,139
140,9082439018,8/8/2023,Lazzy,140
141,4736864818,3/28/2023,Tambee,141
142,6002479163,9/14/2022,Skidoo,142
143,9910613557,6/17/2023,Twimm,143
144,0216346770,7/9/2023,Skyble,144
145,7047515453,6/15/2023,Realmix,145
146,4968691343,6/16/2023,Feedspan,146
147,7695567140,12/30/2022,Meedoo,147
148,3106460598,9/7/2022,Omba,148
149,5872698658,3/27/2023,Tagopia,149
150,1353578135,10/11/2022,Quinu,150
151,9481336328,1/4/2023,Flipbug,151
152,0194862283,6/1/2023,Realpoint,152
153,8551214624,11/3/2022,Twitternation,153
154,1206824549,9/17/2022,Twiyo,154
155,6431155556,4/22/2023,Bluejam,155
156,3861196018,2/2/2023,Voonte,156
157,7081695388,6/29/2023,Abata,157
158,2175853713,10/3/2022,Babbleblab,158
159,4538761354,4/7/2023,Miboo,159
160,1352939274,7/18/2023,Brightdog,160
161,7867819762,8/13/2023,Rhyloo,161
162,2231476819,6/8/2023,Photobean,162
163,1947395068,5/15/2023,Lajo,163
164,2437584781,6/15/2023,DabZ,164
165,1827766506,8/24/2023,Jetwire,165
166,9649546790,5/10/2023,Edgepulse,166
167,0601376870,7/23/2023,Mynte,167
168,0960048065,1/26/2023,Quimm,168
169,9449385149,9/23/2022,Yodo,169
170,2553640692,8/26/2023,Jatri,170
171,9150709402,1/18/2023,Yata,171
172,7146163598,8/6/2023,Youbridge,172
173,3394930250,5/29/2023,Ooba,173
174,9782773549,7/16/2023,Yakitri,174
175,0802316948,9/17/2022,Roombo,175
176,8991351158,1/5/2023,Meedoo,176
177,0883646862,8/10/2023,Topiclounge,177
178,0601350316,5/9/2023,Riffpath,178
179,7394021580,3/13/2023,Quinu,179
180,8396397643,9/8/2022,Gabcube,180
181,9020492268,10/10/2022,Jabberbean,181
182,0795456034,3/1/2023,Thoughtworks,182
183,3273676418,1/11/2023,Flashset,183
184,3830588151,11/23/2022,Brainlounge,184
185,8771478434,3/9/2023,Realcube,185
186,7901776102,1/30/2023,Trudoo,186
187,2039513884,3/24/2023,Gevee,187
188,1227851928,2/11/2023,Jabbercube,188
189,3962675027,2/4/2023,Thoughtworks,189
190,5736594242,4/24/2023,Wordpedia,190
191,0413242099,11/12/2022,Ntag,191
192,8102141948,1/29/2023,Tanoodle,192
193,4920520220,5/12/2023,Tazz,193
194,1277613575,1/27/2023,Skivee,194
195,9313701251,12/22/2022,Abatz,195
196,0400873281,8/5/2023,Midel,196
197,9538388453,8/7/2023,Meevee,197
198,2755759925,2/4/2023,Voolith,198
199,7869083658,3/11/2023,Feednation,199
200,0109249283,11/4/2022,Jetpulse,200
201,5092745576,4/28/2023,Skinder,201
202,6461273778,7/7/2023,Voonyx,202
203,0362728682,10/4/2022,Shuffletag,203
204,9428241865,3/1/2023,Talane,204
205,6792862762,5/8/2023,Devshare,205
206,2890438597,4/16/2023,Livetube,206
207,6131820872,8/5/2023,Quinu,207
208,6472810095,2/13/2023,Meevee,208
209,7049604585,12/26/2022,Jabberbean,209
210,5977992076,10/27/2022,Realfire,210
211,8315425005,5/17/2023,Geba,211
212,8827726071,12/21/2022,Rhynoodle,212
213,1816418900,10/2/2022,Voomm,213
214,9344484015,1/26/2023,Thoughtsphere,214
215,6107402675,5/8/2023,Ailane,215
216,7181655302,2/21/2023,Realpoint,216
217,5260512138,3/10/2023,Digitube,217
218,9970625373,2/3/2023,Cogilith,218
219,9384596183,4/22/2023,Wikido,219
220,6024933649,7/14/2023,Yozio,220
221,3022334915,1/7/2023,Gabspot,221
222,7617160143,12/10/2022,Mydeo,222
223,4930611474,2/14/2023,Brightbean,223
224,6544376884,3/12/2023,Meembee,224
225,6715702128,10/4/2022,Yozio,225
226,2299445056,5/25/2023,Meevee,226
227,8301829028,2/22/2023,Avamm,227
228,2307575898,4/3/2023,Brainverse,228
229,9350829436,12/25/2022,Dabjam,229
230,2189051495,6/7/2023,Riffpath,230
231,6531172517,1/12/2023,Katz,231
232,4209069620,11/27/2022,Browsebug,232
233,6054756230,5/15/2023,Roomm,233
234,0238815994,4/22/2023,Edgetag,234
235,0883329506,8/10/2023,DabZ,235
236,8190892924,10/30/2022,Voomm,236
237,4680506989,1/19/2023,Gabtype,237
238,0838353924,2/2/2023,Divape,238
239,9064797218,6/13/2023,Divanoodle,239
240,6541306591,11/18/2022,Zava,240
241,1202065910,3/19/2023,Edgeclub,241
242,1095755218,8/5/2023,Realpoint,242
243,3637156229,4/3/2023,Voomm,243
244,7930830691,5/15/2023,Dynabox,244
245,2794859358,2/17/2023,Lajo,245
246,4057221298,4/1/2023,Zooveo,246
247,5478530603,9/2/2022,Ntag,247
248,5440544216,1/12/2023,Jaxnation,248
249,9970915851,10/24/2022,Browseblab,249
250,2267769735,9/5/2022,Jabbersphere,250
251,8042976682,12/18/2022,Eare,251
252,8198434747,11/29/2022,Gevee,252
253,6913192282,8/21/2023,Tanoodle,253
254,0458514608,8/28/2023,Quire,254
255,5786488829,11/10/2022,Npath,255
256,9978827994,4/22/2023,Twitterwire,256
257,4032433399,9/28/2022,Gigaclub,257
258,7485582747,12/13/2022,Jayo,258
259,1029905169,11/11/2022,Babbleopia,259
260,2418482960,5/17/2023,Riffwire,260
261,4428925646,4/23/2023,Skinder,261
262,3505989177,8/11/2023,Kwideo,262
263,2543010378,2/2/2023,Vinder,263
264,4655603615,5/6/2023,Photobean,264
265,2094921468,1/2/2023,Jabbersphere,265
266,1162440104,7/28/2023,Aivee,266
267,2631177398,3/5/2023,Jabberstorm,267
268,9922403587,9/3/2022,Snaptags,268
269,6232509870,10/23/2022,Blogtags,269
270,6411158738,5/2/2023,Jaxspan,270
271,3641281695,10/8/2022,Riffpath,271
272,0650688945,7/21/2023,Camimbo,272
273,1153129922,11/12/2022,Voonte,273
274,5490474335,10/31/2022,Brightdog,274
275,3726106464,3/18/2023,Chatterbridge,275
276,5071531593,4/11/2023,Realfire,276
277,1896602681,7/10/2023,Edgeblab,277
278,8002685938,4/9/2023,Yakidoo,278
279,6195772003,1/6/2023,Yotz,279
280,3411388226,12/5/2022,Gabtune,280
281,3934620655,5/3/2023,Yadel,281
282,3373904528,6/11/2023,Mydeo,282
283,6415753703,10/25/2022,Kaymbo,283
284,4107284522,9/24/2022,Babbleblab,284
285,4134038340,12/8/2022,Lazzy,285
286,0620944005,12/26/2022,Wordtune,286
287,5591466141,11/20/2022,Minyx,287
288,3432066082,5/26/2023,Dynabox,288
289,4554213005,9/12/2022,Ntag,289
290,5390916298,3/22/2023,Vipe,290
291,0909565317,12/30/2022,Wikizz,291
292,2644259983,10/9/2022,Flashspan,292
293,5425715854,10/13/2022,Tekfly,293
294,3234633568,12/1/2022,Jabbercube,294
295,4818317039,7/17/2023,Mynte,295
296,0113782772,12/2/2022,Edgewire,296
297,5831937518,2/27/2023,Quamba,297
298,5761764644,1/29/2023,Bluejam,298
299,7144782150,4/21/2023,Skyndu,299
300,7339050442,11/22/2022,Flashspan,300
301,5938360064,11/25/2022,Browsedrive,301
302,7023657797,7/31/2023,Buzzdog,302
303,0025710494,8/9/2023,Babbleblab,303
304,0338602844,10/21/2022,Bubbletube,304
305,4199535675,2/13/2023,Edgeclub,305
306,7668556850,8/23/2023,Quinu,306
307,0800936841,10/19/2022,Yacero,307
308,2178852750,11/25/2022,Voomm,308
309,6765982108,5/28/2023,Skipstorm,309
310,4166647652,9/28/2022,Thoughtworks,310
311,5197826703,6/22/2023,Avavee,311
312,6144189769,8/28/2023,Topicblab,312
313,3909783074,12/1/2022,Zooxo,313
314,9836446982,7/29/2023,Roombo,314
315,0974949337,6/1/2023,Innotype,315
316,6103469473,12/28/2022,Demizz,316
317,7905557847,2/26/2023,Roomm,317
318,8735251425,6/9/2023,Yambee,318
319,1566987946,7/31/2023,Aibox,319
320,2742974539,7/7/2023,Dablist,320
321,7511702015,4/8/2023,Podcat,321
322,0104830433,6/23/2023,Jetpulse,322
323,5127630818,4/10/2023,Jabbersphere,323
324,3874480240,1/30/2023,Zava,324
325,6477357577,9/8/2022,Voolith,325
326,1137443650,9/3/2022,Yacero,326
327,8739319725,11/22/2022,Flipstorm,327
328,8419418447,10/18/2022,Wordpedia,328
329,5373877530,9/15/2022,Edgetag,329
330,4606787783,10/31/2022,Photobug,330
331,3562726554,7/24/2023,Blogspan,331
332,8299920191,12/29/2022,Demizz,332
333,6074595763,1/2/2023,Fliptune,333
334,6515426194,11/5/2022,Buzzster,334
335,3894415568,2/8/2023,Mymm,335
336,5378900921,10/18/2022,Jaxbean,336
337,4728203522,3/9/2023,Browsezoom,337
338,2733913239,11/6/2022,Kare,338
339,2878254422,1/14/2023,Wikizz,339
340,5432593971,5/24/2023,Voonix,340
341,7725523650,12/23/2022,Shuffledrive,341
342,3375371330,6/26/2023,Feednation,342
343,8422236192,12/28/2022,Demivee,343
344,2164229509,3/10/2023,Flipstorm,344
345,6488194798,3/22/2023,Yotz,345
346,0640153542,10/21/2022,Jayo,346
347,6465871408,8/31/2022,Realcube,347
348,0298535785,1/10/2023,Rhyzio,348
349,6161584743,12/6/2022,Snaptags,349
350,7126507712,8/25/2023,Brainsphere,350
351,8254725020,12/8/2022,Meeveo,351
352,4871365298,10/15/2022,Twitterwire,352
353,8116489984,11/8/2022,Quaxo,353
354,4735050701,4/14/2023,Kare,354
355,6793487329,6/18/2023,Oozz,355
356,0769344321,5/16/2023,Kamba,356
357,4296356097,12/20/2022,Midel,357
358,2789931445,10/2/2022,Skippad,358
359,9801605693,7/13/2023,Divavu,359
360,0903021889,3/29/2023,Kanoodle,360
361,6088163054,1/31/2023,Talane,361
362,2960217195,2/4/2023,Feedfish,362
363,7055116139,3/22/2023,Twitterlist,363
364,5975432030,11/15/2022,Mydeo,364
365,1223695387,1/18/2023,Tambee,365
366,8672087232,10/4/2022,Skajo,366
367,5991427143,7/25/2023,Bubbletube,367
368,7618446628,6/30/2023,Jabberbean,368
369,5241386343,8/24/2023,Zazio,369
370,3403562557,3/5/2023,Yodel,370
371,8021293373,11/16/2022,Fivebridge,371
372,0293504164,6/17/2023,Realmix,372
373,6857807329,12/15/2022,Devify,373
374,6728757759,11/1/2022,Voomm,374
375,4541050390,7/23/2023,Yamia,375
376,2763593410,5/20/2023,Babbleblab,376
377,8196252579,6/5/2023,Jaloo,377
378,4006028776,2/7/2023,Centizu,378
379,9566176775,7/12/2023,Brainbox,379
380,4394630525,9/17/2022,Quatz,380
381,8517826442,11/29/2022,Browsetype,381
382,3286493201,7/24/2023,Gigazoom,382
383,8794739919,3/16/2023,Centizu,383
384,4357035139,5/17/2023,Miboo,384
385,7795408656,3/28/2023,Zoomlounge,385
386,2468734734,9/30/2022,Devpoint,386
387,7558625742,10/15/2022,Riffpath,387
388,5971963902,5/22/2023,Cogilith,388
389,0816305145,6/5/2023,Skyvu,389
390,3600070584,2/2/2023,Photobug,390
391,5922137816,4/27/2023,Youbridge,391
392,4544148979,8/16/2023,Flashdog,392
393,6920139251,9/18/2022,Meejo,393
394,4122000203,7/30/2023,Brainlounge,394
395,6053376086,8/10/2023,Eare,395
396,1190048752,10/31/2022,Oyoloo,396
397,5136206330,10/1/2022,Pixope,397
398,3228866076,9/19/2022,Oyoyo,398
399,1125953268,3/29/2023,Topiczoom,399
400,1169558151,4/7/2023,Vinte,400
401,3299088068,5/31/2023,Browsetype,401
402,1328031888,4/2/2023,Skajo,402
403,4659276430,3/8/2023,Flipstorm,403
404,3408433593,2/7/2023,Jabbertype,404
405,6844115598,1/29/2023,Ooba,405
406,5637132305,12/3/2022,Pixoboo,406
407,1719484023,8/1/2023,Jabbertype,407
408,1527088545,10/22/2022,Gigabox,408
409,0528212915,9/25/2022,Latz,409
410,0711757607,7/30/2023,Jaloo,410
411,3264466287,5/22/2023,Meembee,411
412,4018342705,5/26/2023,Bubbletube,412
413,9700099903,11/13/2022,Zoonoodle,413
414,0266365930,8/20/2023,Skyndu,414
415,0236072587,2/12/2023,Avavee,415
416,6936202438,7/12/2023,Skalith,416
417,7938285110,3/30/2023,Mybuzz,417
418,1164448463,8/20/2023,Brightdog,418
419,5371838902,5/19/2023,Skipfire,419
420,9204499672,5/25/2023,Yata,420
421,6944843064,7/14/2023,Mymm,421
422,0056783590,5/25/2023,Meeveo,422
423,6465171740,1/26/2023,Katz,423
424,7944917387,9/6/2022,Livepath,424
425,7906980743,11/29/2022,Gabvine,425
426,7279304524,2/10/2023,Brightbean,426
427,6000818777,8/20/2023,Eidel,427
428,2040560092,6/11/2023,Zazio,428
429,9553836046,7/17/2023,Eamia,429
430,0377785067,1/12/2023,Einti,430
431,1132218829,1/5/2023,Yombu,431
432,0741630141,1/21/2023,Ooba,432
433,8653463380,7/15/2023,Voomm,433
434,1062113195,8/21/2023,Avavee,434
435,4144069877,2/3/2023,Linklinks,435
436,0475345312,1/1/2023,Thoughtstorm,436
437,5781858970,9/2/2022,Meevee,437
438,8866891754,10/24/2022,Photobug,438
439,0865262551,5/17/2023,Agimba,439
440,9165656695,10/20/2022,Wikivu,440
441,2270582713,5/2/2023,Flipopia,441
442,3648361201,6/8/2023,Bubblemix,442
443,5798833372,7/4/2023,Kazio,443
444,5335491752,10/20/2022,Thoughtsphere,444
445,6202193581,2/6/2023,Yodoo,445
446,8153701606,3/17/2023,Feedfire,446
447,5461785158,2/2/2023,Voomm,447
448,9307332045,7/3/2023,Twimbo,448
449,1046617656,8/21/2023,DabZ,449
450,7902753734,4/21/2023,Muxo,450
451,6193703195,6/28/2023,Oodoo,451
452,3980593525,10/6/2022,Geba,452
453,2183100869,4/4/2023,Youfeed,453
454,7515959193,2/25/2023,Linktype,454
455,4241206093,2/1/2023,Mudo,455
456,2748495055,10/14/2022,Jetwire,456
457,9349413809,2/26/2023,Voonder,457
458,1076972322,2/25/2023,Kayveo,458
459,4232861092,4/4/2023,Yata,459
460,9784335131,9/9/2022,Tagfeed,460
461,8928957753,12/16/2022,Trilith,461
462,1525048600,4/1/2023,Skivee,462
463,9856055415,2/26/2023,Tazz,463
464,8187218363,7/11/2023,Oyope,464
465,4427849482,10/17/2022,Jayo,465
466,2787194370,4/21/2023,Wordpedia,466
467,0172138108,11/16/2022,Riffpath,467
468,6634842078,11/28/2022,Twimbo,468
469,8394851746,3/30/2023,Centimia,469
470,8271043722,4/1/2023,Chatterbridge,470
471,8704069145,12/28/2022,Photolist,471
472,2853644421,3/7/2023,Twimm,472
473,2716717591,12/23/2022,Skinte,473
474,1976436699,4/17/2023,Bubblemix,474
475,3451799847,4/11/2023,Twimm,475
476,4474764862,2/13/2023,Wordpedia,476
477,9408972252,12/18/2022,Skidoo,477
478,3841174094,9/30/2022,Voomm,478
479,8024394901,2/9/2023,Tagpad,479
480,5918826246,4/18/2023,Tagtune,480
481,4145588878,10/10/2022,Talane,481
482,6692378508,9/16/2022,Eidel,482
483,3448752975,2/21/2023,Realbridge,483
484,6647094024,1/29/2023,Yamia,484
485,8928473381,9/27/2022,Jayo,485
486,5909292536,3/20/2023,Bluejam,486
487,3280554357,11/21/2022,Topicblab,487
488,4443892869,1/1/2023,Brainsphere,488
489,1124528121,4/14/2023,Wordpedia,489
490,6351529778,7/14/2023,Avaveo,490
491,3352977097,5/24/2023,Yambee,491
492,0758070179,9/21/2022,Dabfeed,492
493,5086171156,6/9/2023,Tagpad,493
494,6943322133,6/24/2023,Centimia,494
495,7625444368,10/27/2022,Jabbertype,495
496,4855939862,8/22/2023,Divape,496
497,3259534520,5/10/2023,Livepath,497
498,3137892090,12/7/2022,Youbridge,498
499,8178937263,7/23/2023,Edgewire,499
500,0651670837,2/4/2023,Kazu,500
501,3102923984,8/22/2023,Vipe,501
502,0614257069,8/21/2023,Edgeify,502
503,0278894577,3/7/2023,Miboo,503
504,0304094633,5/7/2023,Shufflester,504
505,4842107723,3/20/2023,Realmix,505
506,1166071731,2/20/2023,Jaxbean,506
507,6245480388,12/3/2022,Avavee,507
508,6448884394,11/18/2022,Zoonder,508
509,3874401839,11/16/2022,Dazzlesphere,509
510,8224680193,6/22/2023,Kazio,510
511,8533666330,5/18/2023,Tanoodle,511
512,1861684428,6/1/2023,Tekfly,512
513,8091412673,7/10/2023,Leenti,513
514,8407670685,4/28/2023,Feedfish,514
515,7716764144,1/8/2023,Youbridge,515
516,1228732302,3/17/2023,Mymm,516
517,7328553030,7/11/2023,Geba,517
518,2727721668,10/27/2022,Yamia,518
519,3345435810,2/11/2023,Browsebug,519
520,2419581393,8/25/2023,Muxo,520
521,6976457003,2/20/2023,Leenti,521
522,1287670105,2/20/2023,Trilith,522
523,8807995255,1/2/2023,Kazu,523
524,5383077960,6/17/2023,Jatri,524
525,8757098387,10/24/2022,Livetube,525
526,7459516295,6/26/2023,Blogpad,526
527,9591583702,6/12/2023,Shuffletag,527
528,8059407341,8/24/2023,Dazzlesphere,528
529,0593141555,12/24/2022,Cogidoo,529
530,9391751687,7/6/2023,Babbleopia,530
531,5769769580,6/30/2023,Yoveo,531
532,2584279932,5/13/2023,Muxo,532
533,0814997066,8/15/2023,Dablist,533
534,3359318714,1/11/2023,InnoZ,534
535,6262715401,7/5/2023,Ainyx,535
536,0323034543,1/15/2023,BlogXS,536
537,9152611140,8/13/2023,Edgeclub,537
538,8896908108,1/30/2023,Feedfish,538
539,4937988093,10/6/2022,Kanoodle,539
540,6252982172,9/8/2022,Jayo,540
541,7663420772,11/4/2022,Browsetype,541
542,8689202536,9/28/2022,Browsedrive,542
543,8710952985,8/13/2023,LiveZ,543
544,2186946572,1/18/2023,Ooba,544
545,1623744881,7/1/2023,Skinix,545
546,8314191442,11/19/2022,Yabox,546
547,3774915512,4/23/2023,Eidel,547
548,4904992520,7/26/2023,Livetube,548
549,3188721544,3/10/2023,Yakitri,549
550,9448752431,4/7/2023,Tagopia,550
551,0292747136,9/3/2022,Devify,551
552,8951337561,6/14/2023,Twimm,552
553,6445816339,8/18/2023,Gigashots,553
554,9043632392,9/12/2022,Skinder,554
555,4283265918,1/20/2023,Zoonder,555
556,9165409701,2/4/2023,Wikivu,556
557,5609857201,8/29/2023,Vimbo,557
558,7709103391,12/22/2022,InnoZ,558
559,9064574170,8/24/2023,Kwinu,559
560,8879581104,12/11/2022,Vinder,560
561,9390315158,10/30/2022,Divanoodle,561
562,2049670699,11/17/2022,Dablist,562
563,0069133344,7/10/2023,Skinte,563
564,3564738444,1/21/2023,Skiptube,564
565,6108011513,2/17/2023,Photojam,565
566,9865521741,6/7/2023,Jabberstorm,566
567,9802652415,9/20/2022,Abatz,567
568,8931793936,5/20/2023,Youspan,568
569,4633654357,8/5/2023,Zoonder,569
570,6228596411,6/13/2023,Gigazoom,570
571,4034148594,3/2/2023,Tanoodle,571
572,4424594386,10/25/2022,Ainyx,572
573,5824004102,12/23/2022,Vimbo,573
574,8605524316,7/21/2023,Thoughtstorm,574
575,4816813950,7/25/2023,DabZ,575
576,6506011130,7/14/2023,Devshare,576
577,7612516586,5/15/2023,Dabshots,577
578,4079900503,3/30/2023,Blogtag,578
579,8086287882,5/14/2023,Bluezoom,579
580,9061501105,12/31/2022,Thoughtsphere,580
581,2834983348,5/20/2023,Kanoodle,581
582,3579228129,12/12/2022,Tavu,582
583,7434351764,12/1/2022,Rhynoodle,583
584,8733592691,1/24/2023,Linklinks,584
585,0493076298,8/5/2023,Roombo,585
586,6801174991,7/15/2023,Aivee,586
587,6096619215,3/23/2023,Fiveclub,587
588,3325125506,8/11/2023,Blogspan,588
589,9331084633,7/11/2023,Aimbu,589
590,5362554972,11/28/2022,Demivee,590
591,8488253532,11/5/2022,Browseblab,591
592,7583945623,2/28/2023,Skalith,592
593,8871496639,12/28/2022,Kazu,593
594,7509349591,8/26/2023,Eire,594
595,3951972335,2/6/2023,Edgeclub,595
596,3725079927,9/11/2022,Yombu,596
597,8531147336,4/4/2023,Trilith,597
598,2846612870,3/2/2023,Lazz,598
599,3014409979,2/5/2023,Meemm,599
600,5533438947,11/29/2022,Skyndu,600
601,2572006103,3/23/2023,Flipopia,601
602,9981597821,9/12/2022,Viva,602
603,7690862136,8/7/2023,Devpulse,603
604,8628058087,10/25/2022,InnoZ,604
605,3078931765,4/30/2023,Eimbee,605
606,0474377792,7/16/2023,Jetpulse,606
607,8248183319,5/9/2023,Topicblab,607
608,1248716442,10/2/2022,Eadel,608
609,2830361563,6/5/2023,Dabtype,609
610,9713227158,10/31/2022,Youopia,610
611,6852984478,9/16/2022,Youtags,611
612,9548143402,8/4/2023,Jabbertype,612
613,0879587180,12/4/2022,Fivebridge,613
614,9241286881,10/22/2022,Youtags,614
615,0557112885,12/9/2022,Edgewire,615
616,3779816857,4/8/2023,Mymm,616
617,3601416468,8/30/2022,Bluejam,617
618,5002935354,3/17/2023,Avamba,618
619,2013276257,8/27/2023,Oodoo,619
620,2502683610,8/5/2023,Yodoo,620
621,5183124205,12/13/2022,Wordify,621
622,5047134865,10/18/2022,Lazzy,622
623,9961336445,1/20/2023,Meevee,623
624,7147225317,9/14/2022,Topicstorm,624
625,5869081106,8/19/2023,Skinte,625
626,9850680830,8/27/2023,Browsecat,626
627,2389704891,1/31/2023,Skajo,627
628,7524313861,6/10/2023,Fliptune,628
629,5928899475,1/21/2023,Babblestorm,629
630,1029050821,8/1/2023,Jabberstorm,630
631,7659911732,12/9/2022,Quimba,631
632,2851872796,10/3/2022,Brightbean,632
633,3094524923,4/6/2023,Feednation,633
634,5203856753,11/28/2022,Mydeo,634
635,9557244798,9/25/2022,Flipopia,635
636,4228555594,2/22/2023,Vinder,636
637,8987299317,11/5/2022,Yodel,637
638,2628030632,12/25/2022,Fivebridge,638
639,0867724250,9/1/2022,Buzzbean,639
640,9106353479,3/16/2023,Skinte,640
641,3566346675,5/6/2023,Meevee,641
642,7976957589,2/19/2023,Kwilith,642
643,7673604159,12/27/2022,Realfire,643
644,1630642819,2/5/2023,Devify,644
645,9283249909,12/17/2022,Feedbug,645
646,3739856246,1/29/2023,Skimia,646
647,6389710321,5/22/2023,Gabvine,647
648,4295877697,8/9/2023,Ooba,648
649,4369776325,8/1/2023,Skidoo,649
650,4880193771,10/1/2022,Edgeblab,650
651,3385652375,1/2/2023,Blogtags,651
652,1041852215,1/7/2023,Flipstorm,652
653,6052699213,2/10/2023,Centizu,653
654,2664881175,4/20/2023,Quaxo,654
655,9202309396,3/14/2023,Wikido,655
656,0760958300,6/14/2023,Wordpedia,656
657,0271691891,9/13/2022,Dabjam,657
658,4287079396,1/23/2023,Jamia,658
659,6086570256,7/8/2023,Jazzy,659
660,2132486964,10/1/2022,Youspan,660
661,4881752618,2/14/2023,Flipopia,661
662,5798462366,11/2/2022,Divavu,662
663,6567695277,9/16/2022,Thoughtstorm,663
664,8697003520,7/24/2023,Zoonoodle,664
665,6967583263,1/30/2023,Bubblebox,665
666,1721180060,9/27/2022,Devbug,666
667,7059995404,1/6/2023,Riffwire,667
668,4735885862,6/27/2023,Yakidoo,668
669,7582021061,6/9/2023,Eazzy,669
670,5596450480,6/16/2023,Edgeclub,670
671,3680472625,1/8/2023,Cogibox,671
672,5891759632,4/14/2023,Kazu,672
673,3749560803,6/7/2023,Tagfeed,673
674,5362300873,9/25/2022,Gigabox,674
675,2615781847,8/22/2023,Pixonyx,675
676,7424049046,11/12/2022,Mynte,676
677,8206745203,10/4/2022,Muxo,677
678,4991535980,3/17/2023,Agimba,678
679,0256204896,4/27/2023,Vipe,679
680,3969453356,4/1/2023,Quimm,680
681,3564661182,2/2/2023,Dablist,681
682,7634411302,12/20/2022,Leexo,682
683,6159447459,6/30/2023,Oyonder,683
684,2033080005,9/16/2022,Blogpad,684
685,7923881170,9/14/2022,Twimm,685
686,1140941976,12/4/2022,Browseblab,686
687,5120310915,2/11/2023,Twinder,687
688,3394455137,3/14/2023,Gabtype,688
689,1332741908,12/14/2022,Zoozzy,689
690,8007195653,1/19/2023,Jabbersphere,690
691,4940728625,8/25/2023,Jabberstorm,691
692,2263355693,6/8/2023,Cogibox,692
693,3740121173,10/3/2022,Avaveo,693
694,3158414759,9/7/2022,Browseblab,694
695,5699585931,6/21/2023,Rhynoodle,695
696,3568241919,5/9/2023,Yotz,696
697,1073678601,9/23/2022,Kayveo,697
698,2513208420,7/27/2023,Yamia,698
699,0076973441,7/21/2023,Kanoodle,699
700,5198082864,5/9/2023,Jayo,700
701,9273964907,7/13/2023,Topdrive,701
702,0390582301,7/4/2023,Dazzlesphere,702
703,7036718617,5/12/2023,Agimba,703
704,0639217338,3/25/2023,Shuffletag,704
705,7408156631,12/25/2022,Brightbean,705
706,0478426178,1/21/2023,Skaboo,706
707,4943897177,7/15/2023,Skaboo,707
708,7517496409,12/31/2022,Devbug,708
709,2503622542,6/26/2023,Topiclounge,709
710,6183388521,9/14/2022,Photobean,710
711,8078768575,1/17/2023,Photolist,711
712,2388088747,11/18/2022,Riffwire,712
713,6493552370,12/19/2022,Vipe,713
714,8802338981,11/19/2022,Fadeo,714
715,8865619627,2/27/2023,Eazzy,715
716,6549241448,8/19/2023,Quatz,716
717,7730348713,10/29/2022,Bubblebox,717
718,5173052368,2/18/2023,Mynte,718
719,7832834897,3/26/2023,Bubblebox,719
720,7518205831,8/9/2023,Flashset,720
721,3056514525,1/25/2023,Lazz,721
722,5761664836,8/17/2023,Wordtune,722
723,5077496919,2/3/2023,Gigazoom,723
724,6492461193,1/14/2023,Edgeclub,724
725,0312548265,12/7/2022,Ntags,725
726,0663248752,12/28/2022,Quatz,726
727,4512574484,4/21/2023,Photospace,727
728,9120911505,2/1/2023,Topicblab,728
729,4895724522,7/29/2023,Janyx,729
730,7097580887,12/29/2022,Aivee,730
731,1526851792,11/17/2022,Blogtags,731
732,1731073836,12/22/2022,Myworks,732
733,6406262840,11/9/2022,Edgeify,733
734,2361927187,1/19/2023,Camimbo,734
735,6490561123,11/2/2022,Gevee,735
736,7347344433,10/9/2022,Jabbertype,736
737,6804831829,9/1/2022,Meejo,737
738,4143392364,3/28/2023,Avavee,738
739,3398219993,11/12/2022,Youopia,739
740,1993550860,10/27/2022,Devpoint,740
741,3010001096,8/14/2023,Jamia,741
742,1626835640,12/28/2022,Yodel,742
743,2093588749,10/5/2022,Photojam,743
744,7516719684,10/20/2022,Mudo,744
745,3730382934,5/31/2023,Kwimbee,745
746,4420645105,9/8/2022,Oyondu,746
747,0783444001,8/5/2023,Podcat,747
748,5665898414,7/15/2023,Yambee,748
749,0091443660,4/29/2023,Ailane,749
750,4097649965,7/16/2023,Photojam,750
751,6166042787,7/19/2023,Yoveo,751
752,8594299435,7/27/2023,Flashset,752
753,5539734092,9/11/2022,Photolist,753
754,3746203090,4/3/2023,Tagpad,754
755,4396924690,9/5/2022,Yoveo,755
756,0383262135,11/18/2022,Shufflebeat,756
757,7434987812,6/22/2023,Jaxspan,757
758,5651491597,1/18/2023,Livepath,758
759,9427263407,7/16/2023,Trudoo,759
760,1260109895,5/13/2023,Edgepulse,760
761,3611501484,8/2/2023,Zoozzy,761
762,0727822187,4/18/2023,Skidoo,762
763,5200004969,3/2/2023,Photobug,763
764,0903523256,7/8/2023,Buzzbean,764
765,8960152501,11/11/2022,Thoughtbeat,765
766,8634976297,11/29/2022,Wordtune,766
767,6161291622,7/27/2023,Quaxo,767
768,3175096565,4/25/2023,Yamia,768
769,2176036298,8/1/2023,Nlounge,769
770,1671628705,10/21/2022,Blogtag,770
771,4229688466,7/23/2023,Cogidoo,771
772,4534182139,6/7/2023,Yadel,772
773,3199994571,3/12/2023,Oodoo,773
774,8376778099,3/11/2023,Thoughtstorm,774
775,1931826218,12/4/2022,Wikido,775
776,3816153119,7/1/2023,Tavu,776
777,6130511639,8/13/2023,Shuffletag,777
778,1470176858,6/10/2023,Eazzy,778
779,0106537253,4/10/2023,Devbug,779
780,8942707564,12/23/2022,Yodoo,780
781,3406626378,4/28/2023,Tanoodle,781
782,3974349561,12/18/2022,Thoughtsphere,782
783,8974139316,3/14/2023,Feedfire,783
784,3963597526,8/8/2023,Mybuzz,784
785,0320691845,8/22/2023,Demimbu,785
786,0312672934,8/10/2023,Twinder,786
787,9877842122,6/5/2023,Roombo,787
788,8179230279,11/15/2022,Skyba,788
789,6146436429,8/17/2023,Fadeo,789
790,5352631141,8/30/2022,Edgepulse,790
791,6437136979,9/10/2022,Jabberbean,791
792,4417138931,11/24/2022,Quimba,792
793,0532237854,2/25/2023,Ailane,793
794,2701544602,5/6/2023,Flipstorm,794
795,6304402015,7/27/2023,Kaymbo,795
796,7336760066,7/24/2023,Trupe,796
797,8428334064,7/30/2023,Thoughtmix,797
798,4695200694,2/15/2023,Chatterpoint,798
799,1099641810,5/18/2023,Trudoo,799
800,6244683404,2/4/2023,Wikivu,800
801,4605095489,1/20/2023,Yabox,801
802,8940461835,6/26/2023,Thoughtstorm,802
803,8686085822,12/13/2022,Blogspan,803
804,3681324794,4/15/2023,Aimbu,804
805,9413582548,12/8/2022,Tekfly,805
806,9574726258,10/1/2022,Zoomzone,806
807,7708295491,8/16/2023,Photojam,807
808,4039515161,2/16/2023,Skinte,808
809,3920481151,12/19/2022,Plajo,809
810,1059680327,2/24/2023,Agimba,810
811,7921726887,4/3/2023,Riffwire,811
812,0116348321,11/13/2022,Feedfire,812
813,2974572537,12/2/2022,Oyondu,813
814,0900372036,2/18/2023,Rhybox,814
815,7404417368,1/6/2023,Meeveo,815
816,3342928662,7/20/2023,Skynoodle,816
817,5843855457,12/18/2022,Aimbu,817
818,1973024004,6/11/2023,Thoughtstorm,818
819,4176047453,1/5/2023,Jabberstorm,819
820,1692790056,4/29/2023,Einti,820
821,7769741270,3/20/2023,Feedfish,821
822,2066953717,6/5/2023,Quire,822
823,9013149243,2/24/2023,Skajo,823
824,1488301913,10/26/2022,Mybuzz,824
825,9877021471,1/25/2023,Babbleopia,825
826,8936719505,5/2/2023,Skipfire,826
827,5040100418,1/22/2023,Brightdog,827
828,4734402019,2/8/2023,Gigaclub,828
829,2837971049,5/14/2023,Yodoo,829
830,5346383433,12/29/2022,Talane,830
831,2550322940,5/27/2023,Gabspot,831
832,4761589531,9/26/2022,Gabtune,832
833,3397643260,9/11/2022,Gabtune,833
834,3131644753,9/22/2022,Trudeo,834
835,7814478790,2/26/2023,Livetube,835
836,3324447356,8/15/2023,Photobean,836
837,4547615020,5/29/2023,Fanoodle,837
838,4039939727,10/9/2022,Yacero,838
839,9930376828,1/16/2023,Gigashots,839
840,7147449940,8/16/2023,Photojam,840
841,5947008580,2/10/2023,Skinte,841
842,1723534110,7/18/2023,Realpoint,842
843,3103008279,9/9/2022,Brightdog,843
844,5694886984,6/23/2023,Brainverse,844
845,0688071791,4/30/2023,Einti,845
846,7496369039,7/18/2023,Izio,846
847,6982186261,4/17/2023,Viva,847
848,4197056486,9/8/2022,Jetwire,848
849,8480855258,3/31/2023,Roodel,849
850,4942370922,2/8/2023,Mynte,850
851,3457148449,12/31/2022,Yamia,851
852,9355179391,5/12/2023,Fivebridge,852
853,4125693188,3/10/2023,Jatri,853
854,5713948048,1/28/2023,Oyoyo,854
855,0049017349,9/14/2022,Plajo,855
856,3573212441,1/7/2023,Babbleopia,856
857,0570166314,7/15/2023,Tagfeed,857
858,1454718331,4/21/2023,Dazzlesphere,858
859,4276999243,7/5/2023,Devbug,859
860,3052836137,1/5/2023,Quinu,860
861,2614312029,11/4/2022,Geba,861
862,0953864952,7/28/2023,Feednation,862
863,0771014643,3/18/2023,Kwinu,863
864,6491727858,4/29/2023,Agimba,864
865,3765665320,7/9/2023,Pixope,865
866,0871232472,1/21/2023,Geba,866
867,0838649017,2/23/2023,Yodo,867
868,5175629735,11/29/2022,Twitterlist,868
869,4644501328,11/23/2022,Buzzshare,869
870,0864835124,3/25/2023,Oyoyo,870
871,3537593031,10/13/2022,Realcube,871
872,6024853912,10/17/2022,Feedfish,872
873,5262367992,1/19/2023,Jayo,873
874,8184311060,6/21/2023,Zoomdog,874
875,5290434097,7/30/2023,Yotz,875
876,0517936704,5/15/2023,Bubblebox,876
877,6881828861,11/1/2022,Plambee,877
878,3674288478,7/29/2023,Yakitri,878
879,1119749336,6/12/2023,Realcube,879
880,7715855022,3/24/2023,Youspan,880
881,1873698070,1/5/2023,Brainsphere,881
882,0653748450,10/31/2022,Meevee,882
883,9613284141,6/14/2023,Kwinu,883
884,0314040730,9/30/2022,Jaloo,884
885,8546870314,10/25/2022,Zoonoodle,885
886,4805992735,12/2/2022,Meemm,886
887,0031088120,3/4/2023,Brainsphere,887
888,0414919203,7/1/2023,Flipbug,888
889,0527498734,3/22/2023,Livetube,889
890,9380856865,8/12/2023,Jabbersphere,890
891,4727337126,3/13/2023,Centimia,891
892,4051628000,12/15/2022,Yakidoo,892
893,3241728609,3/5/2023,Bubblemix,893
894,5572967130,12/31/2022,Yadel,894
895,2769503278,1/6/2023,Pixonyx,895
896,6343567984,5/18/2023,Oodoo,896
897,9427308257,6/20/2023,Yacero,897
898,3711566448,6/12/2023,Flipopia,898
899,9417054228,2/19/2023,Thoughtbeat,899
900,4812385768,2/9/2023,Agimba,900
901,4835337913,2/21/2023,Zoozzy,901
902,9256710854,3/28/2023,Jabbercube,902
903,8651003455,6/9/2023,Yambee,903
904,6900160654,9/21/2022,Gigashots,904
905,4031687729,2/25/2023,Nlounge,905
906,4400126579,1/26/2023,Aimbu,906
907,8587571249,9/10/2022,Avamba,907
908,5545992456,11/23/2022,Mydeo,908
909,4222671495,12/25/2022,Dynava,909
910,3832777784,10/30/2022,Jabbersphere,910
911,3973035512,9/5/2022,Gabtune,911
912,1578391768,11/7/2022,Centidel,912
913,6959053609,6/1/2023,Oyope,913
914,0622538071,6/29/2023,Photojam,914
915,4142934961,12/19/2022,Leenti,915
916,0740166034,9/5/2022,Jazzy,916
917,9862878096,10/30/2022,Divanoodle,917
918,8793867905,12/29/2022,Roombo,918
919,9366697909,12/1/2022,Npath,919
920,9882015360,12/9/2022,Tambee,920
921,5116461734,12/19/2022,Demimbu,921
922,2207972763,7/28/2023,Teklist,922
923,0459524437,2/5/2023,Wordtune,923
924,3298080055,4/19/2023,Babbleset,924
925,2841002276,1/21/2023,Eidel,925
926,4370521386,8/24/2023,Flipopia,926
927,2115669819,11/7/2022,Rhynyx,927
928,1578857813,1/29/2023,Kamba,928
929,5659746152,6/16/2023,Omba,929
930,9653691007,6/15/2023,Tambee,930
931,0822789310,10/7/2022,Meeveo,931
932,5970531685,11/1/2022,Tazz,932
933,8372725640,9/12/2022,Dynabox,933
934,7688515580,1/29/2023,Ailane,934
935,0153791020,8/9/2023,Camido,935
936,3928786180,1/2/2023,Jaxspan,936
937,0484310658,1/8/2023,Topicshots,937
938,0387039503,6/21/2023,Brainsphere,938
939,3943161420,11/7/2022,Gevee,939
940,9944779628,1/14/2023,Eayo,940
941,5465566175,8/13/2023,Reallinks,941
942,2558635441,10/24/2022,Vipe,942
943,5866284154,2/17/2023,Eidel,943
944,8489524432,12/3/2022,Jaxbean,944
945,8067723095,12/20/2022,Kare,945
946,9423173861,1/21/2023,Meetz,946
947,2007193566,1/9/2023,Lazz,947
948,7518847124,1/27/2023,Layo,948
949,8791802156,9/2/2022,Vipe,949
950,1165966425,4/30/2023,Demizz,950
951,8906694490,7/23/2023,Vipe,951
952,2908606402,12/30/2022,Feedspan,952
953,1042218188,8/17/2023,Talane,953
954,7546479177,6/11/2023,Zoonoodle,954
955,0215799364,7/13/2023,Camimbo,955
956,9996907449,3/25/2023,Kare,956
957,5327354393,3/7/2023,Zoonder,957
958,7701731180,8/8/2023,Tagpad,958
959,7383819810,1/2/2023,Yozio,959
960,8072559079,5/7/2023,Zoonoodle,960
961,5880631451,9/21/2022,Skimia,961
962,2774959683,10/5/2022,Katz,962
963,5994261084,12/5/2022,Podcat,963
964,1315957035,9/25/2022,Quaxo,964
965,5220610538,3/29/2023,Kazu,965
966,8024617595,2/13/2023,Blogspan,966
967,5756198385,5/5/2023,Oyoba,967
968,1902925874,6/1/2023,Demimbu,968
969,3478521114,7/29/2023,Tambee,969
970,4997200670,2/16/2023,Voomm,970
971,4180879840,3/12/2023,Youfeed,971
972,4897307015,3/9/2023,Twiyo,972
973,3495892117,12/7/2022,Skinix,973
974,9823043833,4/5/2023,Thoughtblab,974
975,8384529825,1/22/2023,Thoughtworks,975
976,4160860508,2/1/2023,Ntag,976
977,9883132492,6/18/2023,Voonix,977
978,1139648845,5/25/2023,Twitterbridge,978
979,8323668248,11/4/2022,Thoughtstorm,979
980,6695726337,8/29/2023,Kimia,980
981,8318326415,6/20/2023,Skimia,981
982,8433760777,11/9/2022,Meevee,982
983,9781134607,5/9/2023,Eare,983
984,3955320189,12/20/2022,Brainverse,984
985,1836967799,10/3/2022,Bubblemix,985
986,9824149643,7/19/2023,Livetube,986
987,4245858923,2/28/2023,Mybuzz,987
988,9563648471,9/16/2022,Youbridge,988
989,2457977622,4/10/2023,Voonyx,989
990,1967752966,7/7/2023,Gigashots,990
991,1793432929,9/29/2022,Skajo,991
992,0320477797,9/8/2022,Yakidoo,992
993,8808867897,8/8/2023,Oyonder,993
994,3793206726,7/12/2023,Innotype,994
995,5536195204,1/21/2023,Eazzy,995
996,7015758768,6/14/2023,Youbridge,996
997,6332227257,12/25/2022,Jabbercube,997
998,2553495471,8/21/2023,Yata,998
999,3843478546,12/16/2022,Plambee,999
1000,6281906853,9/16/2022,Jaxbean,1000
